Î»abs (nm),smiles
732.0,F[B-]1(F)[N+]2=C3C4=Cc5ccccc5OC4CCC3=C(c3ccccc3)C2=Cc2n1c1c(c2-c2ccccc2)CCC2C1=Cc1c(cccc1)O2
562.0,CC1(C)c2ccccc2N(C)/C1=C\C=C\C1=C2[N+](=C(c3ccccc3)C=C2)[B-](F)(F)n2c1ccc2-c1ccccc1
597.0,F[B-]1(F)[N+]2=C(C)C=C(C)C2=C(c2ccccc2)c2n1c(/C=C/c1ccc(N(C)C)cc1)cc2C
558.0,CN1c2c(cccc2)S/C1=C/C=C/C1=C2[N+](=C(c3ccccc3)C=C2)[B-](F)(F)n2c1ccc2-c1ccccc1
679.0,F[B-]1(F)[N+]2=C(c3ccccc3)C=CC2=C(/C=C/C=C2/CC=C3C=CC=CC3N2C)c2n1c(-c1ccccc1)cc2
727.0,F[B-]1(F)[N+]2=C(c3ccc(CC)s3)c3cc(OC)ccc3C2=Cc2n1c(-c1ccc(CC)s1)c1c2ccc(OC)c1
730.0,F[B-]1(F)[N+]2=C(C)C(C(OCC)=O)=C(c3ccccc3)C2=Cc2n1c(/C=C/C=C1\C(C)(C)c3ccccc3N1C)c(C(OCC)=O)c2-c1ccccc1
745.0,F[B-]1(F)[N+]2=C(C)C(C(OCC)=O)=C(c3ccccc3)C2=Cc2n1c(/C=C/C=C1\Sc3ccccc3N1CC)c(C(OCC)=O)c2-c1ccccc1
778.0,F[B-]1(F)[N+]2=C(C)C(C(OCC)=O)=C(c3ccccc3)C2=Cc2n1c(/C=C/C=C1\C=Cc3ccccc3N1C)c(C(OCC)=O)c2-c1ccccc1
680.0,F[B-]1(F)[N+]2=C(/C=C/c3ccc(OCC(OCC)=O)cc3)C=C(C)C2=Cc2n1c(-c1c(C)cc(C)[nH]1)c1c2cccc1
676.0,F[B-]1(F)[N+]2=C(/C=C/c3ccc(OCC(OCC)=O)cc3)C=C(C)C2=C(/C=C/c2ccc(OCC(OCC)=O)cc2)c2n1c(-c1c(C)cc(C)[nH]1)c1c2cccc1
670.0,F[B-]1(F)[N+]2=c3cc(-c4c(OC)cc(OC)cc4)oc3=CC2=Cc2n1c1c(c2)oc(-c2ccc(OC)cc2OC)c1
731.0,F[B-]1(F)[N+]2=c3cc(-c4ccc(OC)cc4)sc3=CC2=C(C(F)(F)F)c2n1c1c(c2)sc(-c2ccc(OC)cc2)c1
720.0,F[B-]1(F)[N+]2=c3c(Br)c(-c4ccc(OC)cc4)sc3=CC2=C(C(F)(F)F)c2n1c1c(c2)sc(-c2ccc(OC)cc2)c1Br
766.0,F[B-]1(F)[N+]2=c3c(Br)c(-c4ccc(OC)cc4)sc3=C(Br)C2=C(C(F)(F)F)c2n1c1c(c2Br)sc(-c2ccc(OC)cc2)c1Br
723.0,F[B-]1(F)[N+]2=c3c4[nH]cc(C(C)C)c4c4c(cccc4)c3=C(C(C)C)C2=Cc2n1c1c(c2C(C)C)c2c(c3c1[nH]cc3C(C)C)cccc2
727.0,F[B-]1(F)[N+]2=c3c4[nH]cc(C(C)C)c4c4c(cccc4)c3=C(C(C)C)C2=Cc2n1c1c(c2C(C)C)c2c(c3c1[nH]cc3C(C)C)cccc2
729.0,F[B-]1(F)[N+]2=c3c4[nH]cc(C(C)C)c4c4c(cccc4)c3=C(C(C)C)C2=Cc2n1c1c(c2C(C)C)c2c(c3c1[nH]cc3C(C)C)cccc2
758.0,F[B-]1(F)[N+]2=Cc3cc4c(cc3C2=Cc2n1c(C)c(CC)c2CC)C(C)=[N+]1C4Cc2c(CC)c(CC)c(C)n2[B-]1(F)F
692.0,Cc1c2c(cc3c(c2)C=[N+]2C3=Cc3c(CC)c(CC)c(C)n3[B-]2(F)F)c2n1[B-](F)(F)[N+]1=C(C)C(CC)=C(CC)C1=C2
848.0,F[B-]1(F)[N+]2=Cc3cc4c(cc3C2=Cc2n1c(C)c1c2cccc1)C(C)=[N+]1C4Cc2c3ccccc3c(C)n2[B-]1(F)F
775.0,Cc1c2c(cc3c(c2)C=[N+]2C3=Cc3c4ccccc4c(C)n3[B-]2(F)F)c2n1[B-](F)(F)[N+]1=C(C)c3ccccc3C1=C2
688.0,F[B-]1(F)[N+]2=C(c3ccc(OC)cc3)C=C(c3ccccc3)C2=Nc2n1c(-c1ccc(OC)cc1)cc2-c1ccccc1
710.0,F[B-]1(F)[N+]2=C(c3cccs3)C=C(c3ccccc3)C2=Nc2n1c(-c1cccs1)cc2-c1ccccc1
733.0,F[B-]1(F)[N+]2=C(c3cccs3)C=C(c3cccs3)C2=Nc2n1c(-c1cccs1)cc2-c1cccs1
694.0,F[B-]1(F)[N+]2=C(c3ccc(Br)cc3)C=C(c3cccs3)C2=Nc2n1c(-c1ccc(Br)cc1)cc2-c1cccs1
740.0,F[B-]1(F)[N+]2=C(c3ccc(C#Cc4ccc(N(C(CCCCC)=O)C(CCCCC)=O)cc4)cc3)C=C(c3ccccc3)C2=Nc2n1c(-c1ccc(C#Cc3ccc(N(C(CCCCC)=O)C(CCCCC)=O)cc3)cc1)cc2-c1ccccc1
760.0,F[B-]1(F)[N+]2=C(c3ccc(C#Cc4ccc(N(C(CCCCC)=O)C(CCCCC)=O)cc4)cc3)C=C(c3cccs3)C2=Nc2n1c(-c1ccc(C#Cc3ccc(N(C(CCCCC)=O)C(CCCCC)=O)cc3)cc1)cc2-c1cccs1
740.0,F[B-]1(F)[N+]2=C3c4ccc(OC)cc4CCC3=C(c3ccccc3)C2=Nc2n1c1c(c2-c2ccccc2)CCc2c-1ccc(OC)c2
723.0,F[B-]1(F)[N+]2=C3c4ccccc4CCC3=C(c3ccccc3)C2=Nc2n1c1c(c2-c2ccccc2)CCc2c-1ccc(OC)c2
706.0,F[B-]1(F)[N+]2=C3c4ccccc4SCC3=C(c3ccccc3)C2=Nc2n1c1c(c2-c2ccccc2)CSc2c-1cccc2
708.0,F[B-]1(F)[N+]2=C(c3ccc(OC)cc3)C=C(c3ccccc3)C2=Nc2n1c1c(c2-c2ccccc2)CCc2c-1ccc(OC)c2
715.0,F[B-]1(F)[N+]2=c3ccc4c(cccc4)c3=C(c3ccccc3)C2=Nc2n1c1c(c2-c2ccccc2)CCc2c-1ccc(OC)c2
721.0,F[B-]1(F)[N+]2=C3c4ccc(OC)cc4CCC3=C(CCc3ccccc3)C2=Nc2n1c1c(c2CCc2ccccc2)CCc2c-1ccc(OC)c2
728.0,c12c(-c3ccccc3)cc3n1[B-]1(Oc4c-3cccc4)Oc3c(cccc3)C3=[N+]1C(=N2)C(c1ccccc1)=C3
762.0,Cn1c(C2=[N+]3C(=Nc4c5c(cccc5)c(-c5cccn5C)n4[B-]3(F)F)c3c2cccc3)ccc1
774.0,Cn1c(C2=[N+]3C(=Nc4c5c(cccc5)c(-c5cccn5C)n4[B-]3(C#N)F)c3c2cccc3)ccc1
689.0,Cn1c2c(cccc2)cc1C1=N/C(=N\c2c3c(cccc3)c(-c3cc4c(cccc4)n3C)[nH]2)c2c1cccc2
777.0,Cn1c(C2=[N+]3C(=Nc4c5c(cccc5)c(-c5cc6c(cccc6)n5C)n4[B-]3(F)F)c3c2cccc3)cc2c1cccc2
793.0,Cn1c(C2=[N+]3C(=Nc4c5c(cccc5)c(-c5cc6c(cccc6)n5C)n4[B-]3(C#N)F)c3c2cccc3)cc2c1cccc2
723.0,C[Si](C)(C)c1sc(C2=N/C(=N\c3c4c(cccc4)c(-c4ccc([Si](C)(C)C)s4)[nH]3)c3c2cccc3)cc1
793.0,F[B-]1(F)[N+]2=C(c3ccc([Si](C)(C)C)s3)c3c(cccc3)C2=Nc2c3c(cccc3)c(-c3ccc([Si](C)(C)C)s3)n21
672.0,CC1=CC(/C=C/c2ccc(N(C)C)cc2)=[N+]2[B-](C#CCN(C)C)(C#CCN(C)C)n3c(c(C)cc3/C=C/c3ccc(O)cc3)C(c3ccc(C(OCC)=O)cc3)=C12
708.0,CC1=CC(/C=C/c2ccc(N(C)C)cc2)=[N+]2[B-](C#CCN(C)C)(C#CCN(C)C)n3c(c(C)cc3/C=C/c3ccc(O)cc3)C(c3ccc(C(OCC)=O)cc3)=C12
669.0,CC1=CC(/C=C/c2cc(OC)c(N(CC)CC)cc2)=[N+]2[B-](C#CCN(C)C)(C#CCN(C)C)n3c(c(C)cc3/C=C/c3ccc(N(CC)CC)c(OC)c3)C(c3ccc(C(OCC)=O)cc3)=C12
666.0,CC1=CC(/C=C/c2cc(OC)c(N(C)C)cc2)=[N+]2[B-](C#CCN(C)C)(C#CCN(C)C)n3c(c(C)cc3/C=C/c3ccc(N(C)C)c(OC)c3)C(c3ccc(C(OCC)=O)cc3)=C12
709.0,CC1=CC(/C=C/c2ccc(N(C)C)cc2)=[N+]2[B-](C#CCN(C)C)(C#CCN(C)C)n3c(c(C)cc3/C=C/c3ccc(N(C)C)cc3)C(c3ccc(C(OCC)=O)cc3)=C12
631.0,CC1=CC(/C=C/c2cc(Cl)c(O)cc2)=[N+]2[B-](C#CC[N+](C)(CCCS(=O)([O-])=O)C)(C#CC[N+](C)(CCCS(=O)([O-])=O)C)n3c(c(C)cc3)C(c3ccc(C(OCC)=O)cc3)=C12
602.0,CC1=CC(/C=C/c2cc(Cl)c(O)cc2)=[N+]2[B-](C#CC[N+](C)(CCCS(=O)([O-])=O)C)(C#CC[N+](C)(CCCS(=O)([O-])=O)C)n3c(c(C)cc3)C(c3ccc(C(OCC)=O)cc3)=C12
688.0,CC1=CC(/C=C/c2ccc(N(C)C)cc2)=[N+]2[B-](C#CC[N+](C)(CCCS(=O)([O-])=O)C)(C#CC[N+](C)(CCCS(=O)([O-])=O)C)n3c(c(C)cc3/C=C/c3ccc(O)cc3)C(c3ccc(C(OCC)=O)cc3)=C12
664.0,CC1=CC(/C=C/c2ccc(N(C)C)cc2)=[N+]2[B-](C#CC[N+](C)(CCCS(=O)([O-])=O)C)(C#CC[N+](C)(CCCS(=O)([O-])=O)C)n3c(c(C)cc3/C=C/c3ccc(O)cc3)C(c3ccc(C(OCC)=O)cc3)=C12
726.0,CC1=CC(/C=C/c2ccc(N(C)C)cc2)=[N+]2[B-](C#CC[N+](C)(CCCS(=O)([O-])=O)C)(C#CC[N+](C)(CCCS(=O)([O-])=O)C)n3c(c(C)cc3/C=C/c3ccc(O)cc3)C(c3ccc(C(OCC)=O)cc3)=C12
698.0,CC1=CC(/C=C/c2ccc(N(C)C)cc2)=[N+]2[B-](C#CC[N+](C)(CCCS(=O)([O-])=O)C)(C#CC[N+](C)(CCCS(=O)([O-])=O)C)n3c(c(C)cc3/C=C/c3ccc(O)cc3)C(c3ccc(C(OCC)=O)cc3)=C12
682.0,CC1=CC(/C=C/c2cc(OC)c(N(C)C)cc2)=[N+]2[B-](C#CC[N+](C)(CCCS(=O)([O-])=O)C)(C#CC[N+](C)(CCCS(=O)([O-])=O)C)n3c(c(C)cc3/C=C/c3ccc(N(C)C)c(OC)c3)C(c3ccc(C(OCC)=O)cc3)=C12
662.0,CC1=CC(/C=C/c2cc(OC)c(N(C)C)cc2)=[N+]2[B-](C#CC[N+](C)(CCCS(=O)([O-])=O)C)(C#CC[N+](C)(CCCS(=O)([O-])=O)C)n3c(c(C)cc3/C=C/c3ccc(N(C)C)c(OC)c3)C(c3ccc(C(OCC)=O)cc3)=C12
677.0,CC1=CC(/C=C/c2ccc(N(C)C)cc2)=[N+]2[B-](C#CC[N+](C)(CCCS(=O)([O-])=O)C)(C#CC[N+](C)(CCCS(=O)([O-])=O)C)n3c(c(C)cc3/C=C/c3ccc(N(C)C)cc3)C(c3ccc(C(OCC)=O)cc3)=C12
664.0,CC1=CC(/C=C/c2ccc(N(C)C)cc2)=[N+]2[B-](C#CC[N+](C)(CCCS(=O)([O-])=O)C)(C#CC[N+](C)(CCCS(=O)([O-])=O)C)n3c(c(C)cc3/C=C/c3ccc(N(C)C)cc3)C(c3ccc(C(OCC)=O)cc3)=C12
714.0,CC1=CC(/C=C/c2cc(OC)c(N(CC)CC)cc2)=[N+]2[B-](C#CC[N+](C)(CCCS(=O)([O-])=O)C)(C#CC[N+](C)(CCCS(=O)([O-])=O)C)n3c(c(C)cc3/C=C/c3ccc(N(CC)CC)c(OC)c3)C(c3ccc(C(OCC)=O)cc3)=C12
697.0,CC1=CC(/C=C/c2cc(OC)c(N(CC)CC)cc2)=[N+]2[B-](C#CC[N+](C)(CCCS(=O)([O-])=O)C)(C#CC[N+](C)(CCCS(=O)([O-])=O)C)n3c(c(C)cc3/C=C/c3ccc(N(CC)CC)c(OC)c3)C(c3ccc(C(OCC)=O)cc3)=C12
703.0,CC1=CC(/C=C/c2ccc(N(C)C)cc2)=[N+]2[B-](F)(F)N3C(C(C)C=C3/C=C/c3ccc(N(C)C)cc3)C(c3ccc(CN(Cc4ncccc4)Cc4ccccn4)cc3)=C12
696.0,CC1=CC(/C=C/c2ccc(N(C)C)cc2)=[N+]2[B-](F)(F)N3C(C(C)C=C3/C=C/c3ccc(N(C)C)cc3)C(c3ccc(CN(Cc4ncccc4)Cc4ccccn4)cc3)=C12
695.0,CC1=CC(/C=C/c2ccc(N(C)C)cc2)=[N+]2[B-](F)(F)N3C(C(C)C=C3/C=C/c3ccc(N(C)C)cc3)C(c3ccc(CN(Cc4ncccc4)Cc4ccccn4)cc3)=C12
716.0,CC1=CC(/C=C/c2ccc(N(C)C)cc2)=[N+]2[B-](F)(F)N3C(C(C)C=C3/C=C/c3ccc(N(C)C)cc3)C(c3ccc(CN(Cc4ncccc4)Cc4ccccn4)cc3)=C12
698.0,CC1=CC(/C=C/c2ccc(N(C)C)cc2)=[N+]2[B-](F)(F)N3C(C(C)C=C3/C=C/c3ccc(N(C)C)cc3)C(c3ccc(CN(Cc4ncccc4)Cc4ccccn4)cc3)=C12
724.0,CC1=CC(/C=C/c2ccc(N(C)C)cc2)=[N+]2[B-](F)(F)N3C(C(C)C=C3/C=C/c3ccc(N(C)C)cc3)C(c3ccc(CN(Cc4ncccc4)Cc4ccccn4)cc3)=C12
695.0,Cc1cc(/C=C/c2cccn2CC#C)n2c1C(c1ccc(C(OC)=O)cc1)=C1[N+](=C(/C=C/c3cccn3CC#C)C=C1C)[B-]2(F)F
697.0,Cc1cc(/C=C/c2cccn2Cc2cn(CCOCCOCCOCCOC)nn2)n2c1C(c1ccc(C(OC)=O)cc1)=C1[N+](=C(/C=C/c3cccn3Cc3cn(CCOCCOCCOCCOC)nn3)C=C1C)[B-]2(F)F
670.0,Cc1cccc(C)c1C1=C2[N+](=C(c3ccc(-c4ccc(OC)cc4)s3)C(c3cc4c(c(=O)[nH][nH]c4=O)cc3)=C2)[B-](F)(F)n2c1ccc2-c1ccc(-c2ccc(OC)cc2)s1
662.0,Cc1cccc(C)c1C1=C2[N+](=C(c3ccc(-c4ccc(NC(OC(C)(C)C)=O)cc4)s3)C(c3cc4c(c(=O)[nH][nH]c4=O)cc3)=C2)[B-](F)(F)n2c1ccc2-c1ccc(-c2ccc(NC(OC(C)(C)C)=O)cc2)s1
678.0,Cc1cccc(C)c1C1=C2[N+](=C(c3ccc(-c4ccc(NC(OC(C)(C)C)=O)cc4)s3)C(c3cc4c(c(=O)[nH][nH]c4=O)cc3)=C2)[B-](F)(F)n2c1ccc2-c1ccc(-c2ccc(NC(OC(C)(C)C)=O)cc2)s1
689.0,Cc1cccc(C)c1C1=C2[N+](=C(c3ccc(-c4ccc(OC)cc4)s3)C=C2)[B-](F)(F)n2c1ccc2-c1ccc(-c2ccc(OC)cc2)s1
691.0,Cc1cccc(C)c1C1=C2[N+](=C(c3ccc(-c4ccc(NC(OC(C)(C)C)=O)cc4)s3)C=C2)[B-](F)(F)n2c1ccc2-c1ccc(-c2ccc(NC(OC(C)(C)C)=O)cc2)s1
553.0,F[B-]1(F)[N+]2=c3c4c(cccc4)c(-c4ccccc4)c(-c4ccccc4)c3=CC2=C(c2ccccc2)c2cc3c(c(-c4ccccc4)c(-c4ccccc4)c4c3cccc4)n21
626.0,F[B-]1(F)[N+]2=C(c3ccc(N(C)C)cc3)C=CC2=C(c2ccccc2)c2cc3c(cccc3)n21
674.0,F[B-]1(F)[N+]2=c3c4c(cccc4)c(-c4ccccc4)c(-c4ccccc4)c3=CC2=C(c2ccccc2)c2cc3c(c(-c4ccccc4)c(-c4ccccc4)c4c3cccc4)n21
698.0,F[B-]1(F)[N+]2=c3c4ccc(C(C)(C)C)cc4c4c(ccc(C(C)(C)C)c4)c3=CC2=C(CC(C=C(C)C)=O)c2n1c1c(c2)c2c(c3c1ccc(C(C)(C)C)c3)cc(C(C)(C)C)cc2
682.0,F[B-]1(F)[N+]2=c3c4cc(OC)ccc4c4c(cc(OC)cc4)c3=CC2=C(CC(C=C(C)C)=O)c2n1c1c(c2)c2c(c3c1cc(OC)cc3)ccc(OC)c2
740.0,F[B-]1(F)[N+]2=c3c4cc(OC)c(OC)c(OC)c4c4c(cc(OC)c(OC)c4OC)c3=CC2=C(CC(C=C(C)C)=O)c2n1c1c(c2)c2c(c3c1cc(OC)c(OC)c3OC)c(OC)c(OC)c(OC)c2
730.0,F[B-]1(F)[N+]2=c3c4[nH]cc(C(C)C)c4c4c(cccc4)c3=C(C(C)C)C2=Cc2n1c1c(c2C(C)C)c2c(c3c1[nH]cc3C(C)C)cccc2
723.0,F[B-]1(F)[N+]2=c3cc(-c4ccc(OC)cc4)oc3=CC2=C(C(F)(F)F)c2n1c1c(c2)oc(-c2ccc(OC)cc2)c1
690.0,F[B-]1(F)[N+]2=c3cc(-c4c(OC)cc(OC)cc4)oc3=CC2=Cc2n1c1c(c2)oc(-c2ccc(OC)cc2OC)c1
694.0,F[B-]1(F)[N+]2=c3c4ccc5c(cccc5)c4oc3=CC2=C(C(F)(F)F)c2n1c1c(c2)oc2c1ccc1c2cccc1
677.0,F[B-]1(F)[N+]2=c3c(-c4ccc(OC)cc4)c(-c4ccc(OC)cc4)sc3=C(c3ccc(OC)cc3)C2=Cc2n1c1c(c2-c2ccc(OC)cc2)sc(-c2ccc(OC)cc2)c1-c1ccc(OC)cc1
698.0,Fc1ccc(-c2sc3c(c2)=[N+]2C(=C(C(F)(F)F)c4n(c5c(c4)sc(-c4ccc(F)cc4)c5)[B-]2(F)F)C=3)cc1
688.0,F[B-]1(F)[N+]2=c3cc(-c4ccccc4)sc3=CC2=C(C(F)(F)F)c2n1c1c(c2)sc(-c2ccccc2)c1
709.0,Cc1ccc(-c2sc3c(c2)=[N+]2C(=C(C(F)(F)F)c4n(c5c(c4)sc(-c4ccc(C)cc4)c5)[B-]2(F)F)C=3)cc1
731.0,F[B-]1(F)[N+]2=c3cc(-c4ccc(OC)cc4)sc3=CC2=C(C(F)(F)F)c2n1c1c(c2)sc(-c2ccc(OC)cc2)c1
738.0,Oc1ccc(-c2sc3c(c2)=[N+]2C(=C(C(F)(F)F)c4n(c5c(c4)sc(-c4ccc(O)cc4)c5)[B-]2(F)F)C=3)cc1
628.0,F[B-]1(F)[N+]2=c3sc(-c4ccc(C(C)(C)C)cc4)c(-c4ccc(C(C)(C)C)cc4)c3=C(c3ccc(C(C)(C)C)cc3)C2=C(C(F)(F)F)c2n1c1c(c2-c2ccc(C(C)(C)C)cc2)c(-c2ccc(C(C)(C)C)cc2)c(-c2ccc(C(C)(C)C)cc2)s1
622.0,F[B-]1(F)[N+]2=c3sc(-c4ccc(OC)cc4)c(-c4ccc(OC)cc4)c3=C(c3ccc(OC)cc3)C2=C(C(F)(F)F)c2n1c1c(c2-c2ccc(OC)cc2)c(-c2ccc(OC)cc2)c(-c2ccc(OC)cc2)s1
699.0,F[B-]1(F)[N+]2=c3c4sccc4sc3=CC2=C(C(F)(F)F)c2n1c1c(c2)sc2c1scc2
726.0,F[B-]1(F)[N+]2=c3c4sc(I)cc4sc3=CC2=C(C(F)(F)F)c2n1c1c(c2)sc2c1sc(I)c2
606.0,F[B-]1(F)[N+]2=C(C)C=C(C)C2=C(c2ccccc2)c2n1c1c(c2)c(=O)oc2c1ccc(N(CC)CC)c2
704.0,Brc1ccc(C2=CC(c3ccc(OC)cc3)=[N+]3C2=Nc2c(-c4ccc(Br)cc4)cc(-c4ccc(OC)cc4)n2[B-]3(C#CC[N+](Cc2ccc(C(O)=O)cc2)(C)C)C#CC[N+](C)(C)Cc2ccc(C(O)=O)cc2)cc1
705.0,Brc1ccc(C2=CC(c3ccc(OC)cc3)=[N+]3C2=Nc2c(-c4ccc(Br)cc4)cc(-c4ccc(OC)cc4)n2[B-]3(C#CC[N+](Cc2ccc(C(NCCNC(CN3CCN(CC(O)=O)CCN(CC(O)=O)CCN(CC(O)=O)CC3)=O)=O)cc2)(C)C)C#CC[N+](C)(C)Cc2ccc(C(NCCNC(CN3CCN(CC(O)=O)CCN(CC(O)=O)CCN(CC(O)=O)CC3)=O)=O)cc2)cc1
705.0,Brc1ccc(C2=CC(c3ccc(OC)cc3)=[N+]3C2=Nc2c(-c4ccc(Br)cc4)cc(-c4ccc(OC)cc4)n2[B-]3(C#CC[N+](Cc2ccc(C(NCCNC(CN3CCN(CC(O)=O)CCN(CC(O)=O)CCN(CC(O)=O)CC3)=O)=O)cc2)(C)C)C#CC[N+](C)(C)Cc2ccc(C(NCCNC(CN3CCN(CC(O)=O)CCN(CC(O)=O)CCN(CC(O)=O)CC3)=O)=O)cc2)cc1
677.0,CCC1=C(C)C2=C(c3c(F)c(F)c(F)c(F)c3F)c3c(C)c(CC)c(/C=C/c4ccc(O)cc4)n3[B-](F)(F)[N+]2=C1/C=C/c1ccc(O)cc1
754.0,CCC1=C(C)C2=C(c3c(F)c(F)c(F)c(F)c3F)c3c(C)c(CC)c(/C=C/c4ccc(N(C)C)cc4)n3[B-](F)(F)[N+]2=C1/C=C/c1ccc(N(C)C)cc1
723.0,F[B-]1(F)[N+]2=c3cc(-c4ccc(OC)cc4)oc3=CC2=C(C(F)(F)F)c2n1c1c(c2)oc(-c2ccc(OC)cc2)c1
722.0,F[B-]1(F)[N+]2=c3cc(-c4ccc(OC)cc4)oc3=CC2=C(C(F)(F)F)c2n1c1c(c2)oc(-c2ccc(OC)cc2)c1
731.0,F[B-]1(F)[N+]2=c3cc(-c4ccc(OC)cc4)sc3=CC2=C(C(F)(F)F)c2n1c1c(c2)sc(-c2ccc(OC)cc2)c1
730.0,F[B-]1(F)[N+]2=c3cc(-c4ccc(OC)cc4)sc3=CC2=C(C(F)(F)F)c2n1c1c(c2)sc(-c2ccc(OC)cc2)c1
738.0,F[B-]1(F)[N+]2=c3c(Br)c(-c4ccc(OC)cc4)oc3=CC2=C(C(F)(F)F)c2n1c1c(c2)oc(-c2ccc(OC)cc2)c1Br
732.0,F[B-]1(F)[N+]2=c3c(Br)c(-c4ccc(OC)cc4)oc3=CC2=C(C(F)(F)F)c2n1c1c(c2)oc(-c2ccc(OC)cc2)c1Br
720.0,F[B-]1(F)[N+]2=c3c(Br)c(-c4ccc(OC)cc4)sc3=CC2=C(C(F)(F)F)c2n1c1c(c2)sc(-c2ccc(OC)cc2)c1Br
717.0,F[B-]1(F)[N+]2=c3c(Br)c(-c4ccc(OC)cc4)sc3=CC2=C(C(F)(F)F)c2n1c1c(c2)sc(-c2ccc(OC)cc2)c1Br
746.0,F[B-]1(F)[N+]2=c3c(Br)c(-c4ccc(OC)cc4)oc3=C(Br)C2=C(C(F)(F)F)c2n1c1c(c2Br)oc(-c2ccc(OC)cc2)c1Br
741.0,F[B-]1(F)[N+]2=c3c(Br)c(-c4ccc(OC)cc4)oc3=C(Br)C2=C(C(F)(F)F)c2n1c1c(c2Br)oc(-c2ccc(OC)cc2)c1Br
766.0,F[B-]1(F)[N+]2=c3c(Br)c(-c4ccc(OC)cc4)sc3=C(Br)C2=C(C(F)(F)F)c2n1c1c(c2Br)sc(-c2ccc(OC)cc2)c1Br
764.0,F[B-]1(F)[N+]2=c3c(Br)c(-c4ccc(OC)cc4)sc3=C(Br)C2=C(C(F)(F)F)c2n1c1c(c2Br)sc(-c2ccc(OC)cc2)c1Br
686.0,F[B-]1(F)[N+]2=C(/C=C/c3ccccc3)C=C(c3ccccc3)C2=Nc2n1c(-c1ccccc1)cc2-c1ccccc1
704.0,F[B-]1(F)[N+]2=C(/C=C/c3ccc(OC)cc3)C=C(c3ccccc3)C2=Nc2n1c(-c1ccccc1)cc2-c1ccccc1
731.0,F[B-]1(F)[N+]2=C(/C=C/c3ccccc3)C=C(c3ccccc3)C2=Nc2n1c1c(c2-c2ccccc2)CCc2c-1ccc(OC)c2
746.0,F[B-]1(F)[N+]2=C(/C=C/c3ccc(OC)cc3)C=C(c3ccccc3)C2=Nc2n1c1c(c2-c2ccccc2)CCc2c-1ccc(OC)c2
708.0,F[B-]1(F)[N+]2=C(c3ccc(OC)cc3)C=C(c3ccccc3)C2=Nc2n1c1c(c2-c2ccccc2)CCc2c-1ccc(OC)c2
746.0,F[B-]1(F)[N+]2=C3c4cc5ccc6c7c5c(ccc7ccc6)c4CCC3=C(c3ccccc3)C2=Nc2n1c1c(c2-c2ccccc2)CCc2c-1cc1ccc3c4c(ccc2c41)ccc3
761.0,F[B-]1(F)[N+]2=C(c3ccccc3)c3cc4ccccc4cc3C2=Cc2n1c(-c1ccccc1)c1c2cc2ccccc2c1
765.0,F[B-]1(F)[N+]2=C(c3ccccc3)c3cc4ccccc4cc3C2=Cc2n1c(-c1ccccc1)c1c2cc2ccccc2c1
762.0,F[B-]1(F)[N+]2=C(c3ccccc3)c3cc4ccccc4cc3C2=Cc2n1c(-c1ccccc1)c1c2cc2ccccc2c1
764.0,F[B-]1(F)[N+]2=C(c3ccccc3)c3cc4ccccc4cc3C2=Cc2n1c(-c1ccccc1)c1c2cc2ccccc2c1
738.0,F[B-]1(F)[N+]2=C(c3ccccc3OC)c3cc4ccccc4cc3C2=Cc2n1c(-c1c(OC)cccc1)c1c2cc2ccccc2c1
830.0,c12c3cc4ccccc4cc3c3n1[B-]1(Oc4c-3cccc4)Oc3c(cccc3)C3=[N+]1C(=C2)c1c3cc2ccccc2c1
688.0,F[B-]1(F)[N+]2=C(c3ccc(OC)cc3)C=C(c3ccc(F)cc3)C2=Nc2n1c(-c1ccc(OC)cc1)cc2-c1ccc(F)cc1
710.0,F[B-]1(F)[N+]2=C(c3ccc(OC)cc3)C=C(c3ccc(N=[N+]=[N-])cc3)C2=Nc2n1c(-c1ccc(OC)cc1)cc2-c1ccc(N=[N+]=[N-])cc1
699.0,F[B-]1(F)[N+]2=C(c3ccc(OC)cc3)C=C(c3ccc(F)cc3)C2=Nc2n1c(-c1ccc(OC)cc1)cc2-c1ccc(N)cc1
688.0,F[B-]1(F)[N+]2=C(c3ccc(OC)cc3)C=C(c3ccccc3)C2=Nc2n1c(-c1ccc(OC)cc1)cc2-c1ccc(F)cc1
688.0,F[B-]1(F)[N+]2=C(c3ccc(OC)cc3)C=C(c3ccccc3)C2=Nc2n1c(-c1ccc(OC)cc1)cc2-c1ccccc1
688.0,F[B-]1(F)n2c(cc3c2cc(-c2ccc(Br)s2)s3)C(c2ccc(C(OC)=O)cc2)=C2[N+]1=c1cc(-c3ccc(Br)s3)sc1=C2Br
698.0,F[B-]1(F)n2c(cc3c2cc(-c2ccc(Br)s2)s3)C(c2ccc(C(OC)=O)cc2)=C2[N+]1=c1cc(-c3ccc(Br)s3)sc1=C2Br
673.0,F[B-]1(F)n2c(cc3c2cc(-c2cccs2)s3)C(c2ccc(C(OC)=O)cc2)=C2[N+]1=c1cc(-c3cccs3)sc1=C2
679.0,F[B-]1(F)n2c(cc3c2cc(-c2cccs2)s3)C(c2ccc(C(OC)=O)cc2)=C2[N+]1=c1cc(-c3cccs3)sc1=C2
684.0,F[B-]1(F)n2c(cc3c2cc(-c2cccs2)s3)C(c2ccc(C(OC)=O)cc2)=C2[N+]1=c1cc(-c3cccs3)sc1=C2
687.0,F[B-]1(F)n2c(cc3c2cc(-c2cccs2)s3)C(c2ccc(C(OC)=O)cc2)=C2[N+]1=c1cc(-c3cccs3)sc1=C2
684.0,Cc1nc2[n+](c(C)c1)[B-](F)(F)n1c(c3c(c1-c1ccc(OCCCCCCCC)cc1)c1n(c3-c3ccc(OCCCCCCCC)cc3)[B-](F)(F)[n+]3c(nc(C)cc3C)C=1C#N)=C2C#N
690.0,F[B-]1(F)[n+]2c(oc3c2cc(C(C)(C)C)cc3)C(C#N)=c2n1c(-c1ccc(OCCCCCCCC)cc1)c1c2c(-c2ccc(OCCCCCCCC)cc2)n2c1=C(C#N)c1oc3c(cc(C(C)(C)C)cc3)[n+]1[B-]2(F)F
707.0,Cc1cccc2[n+]1[B-](F)(F)n1c(-c3ccc(OCCCCCCCC)cc3)c3c(c(-c4ccc(OCCCCCCCC)cc4)n4c3=C(C#N)c3cccc(C)[n+]3[B-]4(F)F)c1=C2C#N
732.0,F[B-]1(F)[n+]2c(sc3c2ccc(C(C)(C)C)c3)C(C#N)=c2n1c(-c1ccc(OCCCCCCCC)cc1)c1c2c(-c2ccc(OCCCCCCCC)cc2)n2c1=C(C#N)c1sc3c(ccc(C(C)(C)C)c3)[n+]1[B-]2(F)F
754.0,F[B-]1(F)[n+]2c(ccc3c2ccc(C(C)(C)C)c3)C(C#N)=c2n1c(-c1ccc(OCCCCCCCC)cc1)c1c2c(-c2ccc(OCCCCCCCC)cc2)n2c1=C(C#N)c1ccc3c(ccc(C(C)(C)C)c3)[n+]1[B-]2(F)F
789.0,F[B-]1(F)[n+]2c(cnc3c2cccc3)C(C#N)=c2n1c(-c1ccc(OCCCCCCCC)cc1)c1c2c(-c2ccc(OCCCCCCCC)cc2)n2c1=C(C#N)c1cnc3c(cccc3)[n+]1[B-]2(F)F
747.0,F[B-]1(F)[N+]2=C(c3cccc4cccc2c34)N=c2n1c(-c1ccc(OCCCCCCCC)cc1)c1c2c(-c2ccc(OCCCCCCCC)cc2)n2c1=NC1=[N+](c3cccc4cccc1c43)[B-]2(F)F
733.0,F[B-]1(F)[n+]2c(sc3c2cccc3)N=c2n1c(-c1ccc(N3CCCCC3)cc1)c1c2c(-c2ccc(N3CCCCC3)cc2)n2c1=Nc1sc3c(cccc3)[n+]1[B-]2(F)F
699.0,F[B-]1(F)[n+]2c(sc3c2ccc(OCCCCCCCC)c3)N=c2n1c(-c1cccs1)c1c2c(-c2cccs2)n2c1=Nc1sc3c(ccc(OCCCCCCCC)c3)[n+]1[B-]2(F)F
693.0,F[B-]1(F)[n+]2c(ccc(C#Cc3ccc(N(c4ccccc4)c4ccccc4)cc3)c2)N=c2c3c(c(-c4ccc(OCCCCCCC)cc4)n21)c1n(c3-c2ccc(OCCCCCCC)cc2)[B-](F)(F)[n+]2c(ccc(C#Cc3ccc(N(c4ccccc4)c4ccccc4)cc3)c2)N=1
688.0,F[B-]1(F)[N+]2=c3c(sc(-c4ccccc4)c3)=CC2=C(C(F)(F)F)c2cc3c(cc(-c4ccccc4)s3)n21
698.0,Fc1ccc(-c2cc3c(s2)=CC2=C(C(F)(F)F)c4cc5c(cc(-c6ccc(F)cc6)s5)n4[B-](F)(F)[N+]=32)cc1
709.0,Cc1ccc(-c2cc3c(s2)=CC2=C(C(F)(F)F)c4cc5c(cc(-c6ccc(C)cc6)s5)n4[B-](F)(F)[N+]=32)cc1
731.0,F[B-]1(F)[N+]2=c3c(sc(-c4ccc(OC)cc4)c3)=CC2=C(C(F)(F)F)c2cc3c(cc(-c4ccc(OC)cc4)s3)n21
738.0,Oc1ccc(-c2cc3c(s2)=CC2=C(C(F)(F)F)c4cc5c(cc(-c6ccc(O)cc6)s5)n4[B-](F)(F)[N+]=32)cc1
716.0,F[B-]1(F)[N+]2=C(c3cccs3)C=C(c3c4ccccc4ccc3)C2=Nc2n1c(-c1cccs1)cc2-c1cccc2c1cccc2
714.0,F[B-]1(F)[N+]2=C(c3cccs3)C=C(c3c4ccccc4ccc3)C2=Nc2n1c(-c1cccs1)cc2-c1cccc2c1cccc2
716.0,F[B-]1(F)[N+]2=C(c3cccs3)C=C(c3c4ccccc4ccc3)C2=Nc2n1c(-c1cccs1)cc2-c1cccc2c1cccc2
712.0,F[B-]1(F)[N+]2=C(c3cccs3)C=C(c3c4ccccc4ccc3)C2=Nc2n1c(-c1cccs1)cc2-c1cccc2c1cccc2
674.0,F[B-]1(F)[N+]2=C(c3ccccc3)C=C(c3ccc(-n4c5ccccc5c5c4cccc5)cc3)C2=Nc2n1c(-c1ccccc1)cc2-c1ccc(-n2c3ccccc3c3c2cccc3)cc1
668.0,F[B-]1(F)[N+]2=C(c3ccccc3)C=C(c3ccc(-n4c5ccccc5c5c4cccc5)cc3)C2=Nc2n1c(-c1ccccc1)cc2-c1ccc(-n2c3ccccc3c3c2cccc3)cc1
670.0,F[B-]1(F)[N+]2=C(c3ccccc3)C=C(c3ccc(-n4c5ccccc5c5c4cccc5)cc3)C2=Nc2n1c(-c1ccccc1)cc2-c1ccc(-n2c3ccccc3c3c2cccc3)cc1
670.0,F[B-]1(F)[N+]2=C(c3ccccc3)C=C(c3ccc(-n4c5ccccc5c5c4cccc5)cc3)C2=Nc2n1c(-c1ccccc1)cc2-c1ccc(-n2c3ccccc3c3c2cccc3)cc1
735.0,F[B-]1(F)[N+]2=C(c3cccs3)C=C(c3ccc(-n4c5ccccc5c5c4cccc5)cc3)C2=Nc2n1c(-c1cccs1)cc2-c1ccc(-n2c3ccccc3c3c2cccc3)cc1
733.0,F[B-]1(F)[N+]2=C(c3cccs3)C=C(c3ccc(-n4c5ccccc5c5c4cccc5)cc3)C2=Nc2n1c(-c1cccs1)cc2-c1ccc(-n2c3ccccc3c3c2cccc3)cc1
733.0,F[B-]1(F)[N+]2=C(c3cccs3)C=C(c3ccc(-n4c5ccccc5c5c4cccc5)cc3)C2=Nc2n1c(-c1cccs1)cc2-c1ccc(-n2c3ccccc3c3c2cccc3)cc1
731.0,F[B-]1(F)[N+]2=C(c3cccs3)C=C(c3ccc(-n4c5ccccc5c5c4cccc5)cc3)C2=Nc2n1c(-c1cccs1)cc2-c1ccc(-n2c3ccccc3c3c2cccc3)cc1
712.0,F[B-]1(F)[N+]2=C(c3ccccc3)C=C(c3cc4n(CCCC)c5c(cccc5)c4cc3)C2=Nc2n1c(-c1ccccc1)cc2-c1cc2c3ccccc3n(CCCC)c2cc1
712.0,F[B-]1(F)[N+]2=C(c3ccccc3)C=C(c3cc4n(CCCC)c5c(cccc5)c4cc3)C2=Nc2n1c(-c1ccccc1)cc2-c1cc2c3ccccc3n(CCCC)c2cc1
711.0,F[B-]1(F)[N+]2=C(c3ccccc3)C=C(c3cc4n(CCCC)c5c(cccc5)c4cc3)C2=Nc2n1c(-c1ccccc1)cc2-c1cc2c3ccccc3n(CCCC)c2cc1
713.0,F[B-]1(F)[N+]2=C(c3ccccc3)C=C(c3cc4n(CCCC)c5c(cccc5)c4cc3)C2=Nc2n1c(-c1ccccc1)cc2-c1cc2c3ccccc3n(CCCC)c2cc1
750.0,F[B-]1(F)[N+]2=C(c3cccs3)C=C(c3cc4n(CCCC)c5c(cccc5)c4cc3)C2=Nc2n1c(-c1cccs1)cc2-c1cc2c3ccccc3n(CCCC)c2cc1
752.0,F[B-]1(F)[N+]2=C(c3cccs3)C=C(c3cc4n(CCCC)c5c(cccc5)c4cc3)C2=Nc2n1c(-c1cccs1)cc2-c1cc2c3ccccc3n(CCCC)c2cc1
750.0,F[B-]1(F)[N+]2=C(c3cccs3)C=C(c3cc4n(CCCC)c5c(cccc5)c4cc3)C2=Nc2n1c(-c1cccs1)cc2-c1cc2c3ccccc3n(CCCC)c2cc1
748.0,F[B-]1(F)[N+]2=C(c3cccs3)C=C(c3cc4n(CCCC)c5c(cccc5)c4cc3)C2=Nc2n1c(-c1cccs1)cc2-c1cc2c3ccccc3n(CCCC)c2cc1
654.0,Cc1ccc(C2=C3[N+](=C(c4ccc(C)s4)C(c4ccc(C)s4)=C3)[B-](F)(F)n3c2cc(-c2ccc(C)s2)c3-c2ccc(C)s2)cc1
659.0,Cc1ccc(C2=C3[N+](=C(c4ccc(CCCCCC)s4)C(c4ccc(CCCCCC)s4)=C3)[B-](F)(F)n3c2cc(-c2ccc(CCCCCC)s2)c3-c2ccc(CCCCCC)s2)cc1
681.0,Cc1ccc(C2=C3[N+](=C(c4ccc(-c5ccccc5)s4)C(c4ccc(-c5ccccc5)s4)=C3)[B-](F)(F)n3c2cc(-c2ccc(-c4ccccc4)s2)c3-c2ccc(-c3ccccc3)s2)cc1
574.0,Cc1c(-c2ccc(N(C)C)cc2)c(C)n2c1C(c1c(-c3ccccn3)nc3n1cccc3)=C1[N+](=C(C)C(c3ccc(N(C)C)cc3)=C1C)[B-]2(F)F
568.0,Cc1c(-c2ccc(N(c3ccccc3)c3ccccc3)cc2)c(C)n2c1C(c1c(-c3ccccn3)nc3n1cccc3)=C1[N+](=C(C)C(c3ccc(N(c4ccccc4)c4ccccc4)cc3)=C1C)[B-]2(F)F
632.0,Cc1ccc(C2=C3[N+](=C(/C=C/c4c5ccccc5c(C)c5c4cccc5)C=C3C)[B-](F)(F)n3c2c(C)cc3/C=C/c2c3ccccc3c(C)c3c2cccc3)cc1
691.0,Cc1ccc(C2=C3[N+](=C(/C=C/c4c5ccc6c7c(ccc6)ccc(c57)cc4)C=C3C)[B-](F)(F)n3c2c(C)cc3/C=C/c2ccc3ccc4cccc5ccc2c3c54)cc1
688.0,F[B-]1(F)n2c(c(/C=C/c3cc(OC)c(OC)c(OC)c3)c(C=O)c2/C=C/c2cc(OC)c(OC)c(OC)c2)C(c2ccc(OC)cc2)=C2[N+]1=C(/C=C/c1cc(OC)c(OC)c(OC)c1)C(C=O)=C2/C=C/c1cc(OC)c(OC)c(OC)c1
708.0,F[B-]1(F)n2c(c(/C=C/c3ccc(OC)cc3)cc2/C=C/c2ccc(OC)cc2)C(c2ccc(-c3nc4ccccc4cc3)s2)=C2[N+]1=C(/C=C/c1ccc(OC)cc1)C=C2/C=C/c1ccc(OC)cc1
700.0,F[B-]1(F)n2c(c(/C=C/c3ccc(N(C)C)cc3)cc2/C=C/c2ccc(OC)cc2)C(c2ccc(I)cc2)=C2[N+]1=C(/C=C/c1ccc(OCCCC)cc1)C=C2/C=C/c1ccc(OCCOCCOC)cc1
671.0,F[B-]1(F)n2c(ccc2-c2ccccc2)C(/C=C/C=C2\N(C)c3ccccc3C2(C)C)=C2[N+]1=C(c1ccccc1)C=C2
683.0,F[B-]1(F)n2c(ccc2-c2ccccc2)C(/C=C/C=C2\N(C)c3ccccc3S2)=C2[N+]1=C(c1ccccc1)C=C2
732.0,F[B-]1(F)n2c(c(-c3ccccc3)c3c2C2=Cc4c(cccc4)OC2CC3)C=C2[N+]1=C1C3=Cc4ccccc4OC3CCC1=C2c1ccccc1
723.0,F[B-]1(F)n2c(cc3c2cc(-c2ccc(OC)cc2)o3)C(C(F)(F)F)=C2[N+]1=c1cc(-c3ccc(OC)cc3)oc1=C2
731.0,F[B-]1(F)n2c(cc3c2cc(-c2ccc(OC)cc2)s3)C(C(F)(F)F)=C2[N+]1=c1cc(-c3ccc(OC)cc3)sc1=C2
684.0,F[B-]1(F)n2c(cc3c2cc(-c2cccs2)s3)C(c2ccc(C(OC)=O)cc2)=C2[N+]1=c1cc(-c3cccs3)sc1=C2
727.0,F[B-]1(F)n2c(c(C(C)C)c3c2c2c(c(C(C)C)c[nH]2)c2c3cccc2)C=C2[N+]1=c1c3[nH]cc(C(C)C)c3c3c(cccc3)c1=C2C(C)C
658.0,F[B-]1(F)[n+]2c(CC)cc3c2c2c4c5c3ccc(Oc3c(C)cc(C)cc3C)c5cc3c(Oc5c(C)cc(C)cc5C)ccc(c43)c3c2n1c(CC)c3
673.0,F[B-]1(F)n2c(c3ccc(OC)cc3c2-c2ccc(OC)cc2)C=C2[N+]1=C(c1ccc(OC)cc1)c1c2ccc(OC)c1
727.0,F[B-]1(F)n2c(c3ccc(OC)cc3c2-c2ccc(CC)s2)C=C2[N+]1=C(c1ccc(CC)s1)c1c2ccc(OC)c1
693.0,F[B-]1(F)n2c(c3ccccc3c2/C=C/c2ccc(N(C)C)cc2)C(C2=CC3C(OCCOCCOCCOCCO3)C=C2)=C2[N+]1=C(C)c1c2cccc1
711.0,C1(c2ccccc2)=C2[N+]3=C(c4c(cccc4)O[B-]34n3c1c1ccccc1c3-c1c(cccc1)O4)c1c2cccc1
680.0,F[B-]1(F)n2c(c3ccccc3c2-c2c(C)cc(C)[nH]2)C=C2[N+]1=C(/C=C/c1ccc(OCC(OCC)=O)cc1)C=C2C
676.0,F[B-]1(F)n2c(c3ccccc3c2-c2c(C)cc(C)[nH]2)C(/C=C/c2ccc(OC(OCC)=O)cc2)=C2[N+]1=C(/C=C/c1ccc(OCC(OCC)=O)cc1)C=C2C
688.0,F[B-]1(F)n2c(c(-c3ccccc3)cc2-c2ccc(OC)cc2)N=C2[N+]1=C(c1ccc(OC)cc1)C=C2c1ccccc1
799.0,F[B-]1(F)n2c(c(-c3ccccc3)cc2-c2ccc(N(C)C)cc2)N=C2[N+]1=C(c1ccc(N(C)C)cc1)C=C2c1ccccc1
718.0,F[B-]1(F)n2c(c(-c3ccccc3)cc2-c2cccs2)N=C2[N+]1=C(c1cccs1)C=C2c1ccccc1
683.0,F[B-]1(F)n2c(c(-c3cccs3)cc2-c2ccccc2)N=C2[N+]1=C(c1ccccc1)C=C2c1cccs1
742.0,F[B-]1(F)n2c(c(-c3cccs3)cc2-c2cccs2)N=C2[N+]1=C(c1cccs1)C=C2c1cccs1
708.0,F[B-]1(F)n2c(c(-c3ccccc3)c3c2-c2c(cc(OC)cc2)CC3)N=C2[N+]1=C(c1ccc(OC)cc1)C=C2c1ccccc1
740.0,F[B-]1(F)n2c(c(-c3ccccc3)c3c2-c2c(cc(OC)cc2)CC3)N=C2[N+]1=C1c3ccc(OC)cc3CCC1=C2c1ccccc1
706.0,F[B-]1(F)n2c(c(-c3ccccc3)c3c2-c2c(cccc2)SC3)N=C2[N+]1=C1c3ccccc3SCC1=C2c1ccccc1
723.0,F[B-]1(F)n2c(c(-c3ccccc3)c3c2-c2c(cc(OC)cc2)CC3)N=C2[N+]1=C1c3ccccc3CCC1=C2c1ccccc1
715.0,F[B-]1(F)n2c(c(-c3ccccc3)c3c2-c2c(cc(OC)cc2)CC3)N=C2[N+]1=c1ccc3c(cccc3)c1=C2c1ccccc1
728.0,c12c(-c3ccccc3)cc3n1[B-]1(Oc4c-3cccc4)Oc3c(cccc3)C3=[N+]1C(=N2)C(c1ccccc1)=C3
765.0,COc1cc2c(cc1)-c1cc(-c3ccccc3)c3n1[B-]1(Oc4c(ccc(OC)c4)C4=[N+]1C(=N3)C(c1ccccc1)=C4)O2
712.0,F[B-]1(F)n2c(c3ccccc3c2-c2ccccc2)N=C2[N+]1=C(c1ccccc1)c1c2cccc1
713.0,F[B-]1(F)n2c(c3ccccc3c2-c2ccc(F)cc2)N=C2[N+]1=C(c1ccc(F)cc1)c1c2cccc1
794.0,F[B-]1(F)n2c(c3ccccc3c2-c2ccc(N(C)C)cc2)N=C2[N+]1=C(c1ccc(N(C)C)cc1)c1c2cccc1
793.0,F[B-]1(F)n2c(c3ccccc3c2-c2ccc(C)s2)N=C2[N+]1=C(c1ccc(C)s1)c1c2cccc1
737.0,F[B-]1(F)n2c(c3c4ccccc4ccc3c2-c2ccccc2)N=C2[N+]1=C(c1ccccc1)c1c2c2c(cccc2)cc1
685.0,F[B-]1(F)n2c(c3nc(CC)c(CC)nc3c2-c2ccccc2)N=C2[N+]1=C(c1ccccc1)c1c2nc(CC)c(CC)n1
754.0,CC(C)(C)c1cc2ccc3[n+](c2cc1)[B-](F)(F)n1c(-c2ccc(OCCCCCCCC)cc2)c2c(c(-c4ccc(OCCCCCCCC)cc4)n4c2=C(C#N)c2ccc5cc(C(C)(C)C)ccc5[n+]2[B-]4(F)F)c1=C3C#N
819.0,CC(C)(C)c1cc2ccc3[n+](c2cc1)[B-](c1ccccc1)(c1ccccc1)n1c(-c2ccc(OCCCCCCCC)cc2)c2c(c(-c4ccc(OCCCCCCCC)cc4)n4c2=C(C#N)c2ccc5cc(C(C)(C)C)ccc5[n+]2[B-]4(c2ccccc2)c2ccccc2)c1=C3C#N
692.0,CCC1=C(CC)C(C)=[N+]2C1=Cc1cc3cc4c(cc3n1[B-]2(F)F)=[N+]1C(=Cc2c(CC)c(CC)c(C)n2[B-]1(F)F)C=4
758.0,CCc1c(C)n2c(c1CC)C=C1[N+](=C(C)c3cc4c(cc31)=[N+]1C(=Cc3c(CC)c(CC)c(C)n3[B-]1(F)F)C=4C)[B-]2(F)F
775.0,Cc1c2ccccc2c2n1[B-](F)(F)[N+]1=c3cc4n5c(c(C)c4cc3=C(C)C1=C2)C=C1[N+](=C(C)C2C=CC=CC21)[B-]5(F)F
848.0,Cc1c2c(cccc2)c2n1[B-](F)(F)[N+]1=C(C)c3cc4c(cc3C1=C2)=[N+]1C(=Cc2c3ccccc3c(C)n2[B-]1(F)F)C=4C
649.0,Cc1ccc(/N=C2\c3ccccc3N3C2=c2c(c4ccccc4[nH]2)=[N+](c2ccc(C)cc2)[B-]3(F)F)cc1
743.0,Cc1ccc([N+]2=c3c4n(c5c3cccc5)[B-](F)(F)[N+](c3ccc(C)cc3)=c3c=4n(c4c3cccc4)[B-]2(F)F)cc1
681.0,COc1cc(-c2c3n(c(-c4ccccc4)c2)[B-](F)(F)[N+]2=C(c4ccccc4)C=C(c4cc(OC)cc(OC)c4)C2=N3)cc(OC)c1
688.0,F[B-]1(F)[N+]2=C(c3ccc(OC)cc3)C=C(c3ccccc3)C2=Nc2n1c(-c1ccc(OC)cc1)cc2-c1ccccc1
679.0,F[B-]1(F)[N+]2=C(c3ccc(OC)cc3)C(Br)=C(c3ccccc3)C2=Nc2n1c(-c1ccc(OC)cc1)c(Br)c2-c1ccccc1
706.0,F[B-]1(F)[N+]2=C(c3ccc4cc(OC)ccc4c3)C=C(c3ccccc3)C2=Nc2n1c(-c1cc3ccc(OC)cc3cc1)cc2-c1ccccc1
695.0,F[B-]1(F)[N+]2=C(c3ccc4cc(OC)ccc4c3)C(Br)=C(c3ccccc3)C2=Nc2n1c(-c1cc3ccc(OC)cc3cc1)c(Br)c2-c1ccccc1
704.0,F[B-]1(F)[N+]2=C(c3ccc(OC)cc3)C=C(c3cc4ccccc4cc3)C2=Nc2n1c(-c1ccc(OC)cc1)cc2-c1ccc2ccccc2c1
692.0,F[B-]1(F)[N+]2=C(c3ccc(OC)cc3)C(Br)=C(c3cc4ccccc4cc3)C2=Nc2n1c(-c1ccc(OC)cc1)c(Br)c2-c1ccc2ccccc2c1
718.0,F[B-]1(F)[N+]2=C(c3ccc4cc(OC)ccc4c3)C=C(c3cc4ccccc4cc3)C2=Nc2n1c(-c1cc3ccc(OC)cc3cc1)cc2-c1ccc2ccccc2c1
667.0,Cc1cc(C)c(C2=C3[N+](=C(C#Cc4cccs4)C(Br)=C3)[B-](F)(F)n3c2cc(Br)c3C#Cc2cccs2)c(C)c1
745.0,F[B-]1(F)n2c(c(Br)c(Br)c2-c2c(C)c(CC)c(C)[nH]2)C(c2ccccc2)=C2[N+]1=C(c1c(C)c(CC)c(C)[nH]1)C(Br)=C2Br
729.0,F[B-]1(F)n2c(cc(Br)c2-c2c(C)c(CC)c(C)[nH]2)C(c2ccccc2)=C2[N+]1=C(c1c(C)c(CC)c(C)[nH]1)C(Br)=C2
682.0,F[B-]1(F)n2c(cc(Br)c2-c2ccc[nH]2)C(c2ccccc2)=C2[N+]1=C(c1ccc[nH]1)C(Br)=C2
685.0,F[B-]1(F)n2c(c(Br)c(Br)c2-c2ccc[nH]2)C(c2ccccc2)=C2[N+]1=C(c1ccc[nH]1)C(Br)=C2Br
698.0,F[B-]1(F)n2c(c(Br)c3c2cc(-c2ccc(Br)s2)s3)C(c2ccc(C(OC)=O)cc2)=C2[N+]1=c1c(sc(-c3ccc(Br)s3)c1)=C2
688.0,F[B-]1(F)n2c(cc3c2cc(-c2ccccc2)s3)C(C(F)(F)F)=C2[N+]1=c1c(sc(-c3ccccc3)c1)=C2
678.0,Cc1ccc(C2=C3[N+](=C(/C=C/c4cc5c(n(CC#C)c6c5cccc6)cc4)C=C3C)[B-](F)(F)n3c2c(C)cc3/C=C/c2cc3c4ccccc4n(CC#C)c3cc2)cc1
740.0,F[B-]1(F)[N+]2=C3c4ccc(OC)cc4CCC3=C(c3ccccc3)C2=Nc2n1c1c(c2-c2ccccc2)CCc2c-1ccc(OC)c2
736.0,F[B-]1(F)[N+]2=C3c4ccc(OC)cc4CCC3=C(c3ccc(OC)cc3)C2=Nc2n1c1c(c2-c2ccc(OC)cc2)CCc2c-1ccc(OC)c2
721.0,F[B-]1(F)[N+]2=C3c4ccc(OC)cc4CCC3=C(CCc3ccccc3)C2=Nc2n1c1c(c2CCc2ccccc2)CCc2c-1ccc(OC)c2
706.0,F[B-]1(F)[N+]2=C3c4ccccc4SCC3=C(c3ccccc3)C2=Nc2n1c1c(c2-c2ccccc2)CSc2c-1cccc2
723.0,F[B-]1(F)[N+]2=C3c4ccccc4CCC3=C(c3ccccc3)C2=Nc2n1c1c(c2-c2ccccc2)CCc2c-1ccc(OC)c2
715.0,F[B-]1(F)[N+]2=c3ccc4c(cccc4)c3=C(c3ccccc3)C2=Nc2n1c1c(c2-c2ccccc2)CCc2c-1ccc(OC)c2
688.0,F[B-]1(F)[N+]2=C(c3ccccc3)C=C(c3ccccc3)C2=Nc2n1c1c(c2-c2ccccc2)CCc2c-1ccc(OC)c2
708.0,F[B-]1(F)[N+]2=C(c3ccc(OC)cc3)C=C(c3ccccc3)C2=Nc2n1c1c(c2-c2ccccc2)CCc2c-1ccc(OC)c2
678.0,F[B-]1(F)[N+]2=C(c3c(OC)cccc3)C=C(c3ccccc3)C2=Nc2n1c1c(c2-c2ccccc2)CCc2c-1ccc(OC)c2
681.0,F[B-]1(F)[N+]2=C(c3c(OC)ccc(OC)c3)C=C(c3ccccc3)C2=Nc2n1c1c(c2-c2ccccc2)CCc2c-1ccc(OC)c2
707.0,F[B-]1(F)[N+]2=C(c3c(OC)cc(OC)cc3)C=C(c3ccccc3)C2=Nc2n1c1c(c2-c2ccccc2)CCc2c-1ccc(OC)c2
774.0,F[B-]1(F)[N+]2=C(c3ccc(N4CCCCC4)cc3)C=C(c3ccccc3)C2=Nc2n1c1c(c2-c2ccccc2)CCc2c-1ccc(OC)c2
688.0,F[B-]1(F)[N+]2=C(c3ccc(OC)cc3)C=C(c3ccccc3)C2=Nc2n1c(-c1ccc(OC)cc1)cc2-c1ccccc1
796.0,F[B-]1(F)[N+]2=C3c4ccc(N(CC)CC)cc4CCC3=C(c3ccccc3)C2=Nc2n1c1c(c2-c2ccccc2)CCc2c-1ccc(OC)c2
759.0,F[B-]1(F)[N+]2=C3c4ccc(N(CC)CC)cc4CCC3=C(c3ccccc3)C2=Nc2n1c(-c1ccc(OC)cc1)cc2-c1ccccc1
789.0,F[B-]1(F)[N+]2=C(c3ccc(N(CC)CC)cc3)C=C(c3ccccc3)C2=Nc2n1c1c(c2-c2ccccc2)CCc2c-1ccc(OC)c2
757.0,F[B-]1(F)[N+]2=C(c3ccc(N(CC)CC)cc3)C3=C(c4c(cccc4)CC3)C2=Nc2n1c(-c1ccc(OC)cc1)c1c2-c2ccccc2CC1
759.0,F[B-]1(F)[N+]2=C3c4c(cc(N(CC)CC)cc4)CCC3=C(c3ccccc3)C2=Nc2n1c(-c1ccc(OC)cc1)c1c2-c2ccccc2CC1
782.0,F[B-]1(F)[N+]2=C(c3ccc(N(CC)CC)cc3)C3=C(c4c(cccc4)CC3)C2=Nc2n1c1c(c2-c2ccccc2)CCc2c-1ccc(OC)c2
735.0,F[B-]1(F)[N+]2=C(c3ccc(Br)s3)C=C(c3ccccc3)C2=Nc2n1c(-c1ccc(Br)s1)cc2-c1ccccc1
694.0,F[B-]1(F)[N+]2=C(c3ccc(Br)cc3)C=C(c3cccs3)C2=Nc2n1c(-c1ccc(Br)cc1)cc2-c1cccs1
740.0,F[B-]1(F)[N+]2=C(c3ccc(C#Cc4ccc(N(C(CCCCC)=O)C(CCCCC)=O)cc4)cc3)C=C(c3ccccc3)C2=Nc2n1c(-c1ccc(C#Cc3ccc(N(C(CCCCC)=O)C(CCCCC)=O)cc3)cc1)cc2-c1ccccc1
760.0,F[B-]1(F)[N+]2=C(c3ccc(C#Cc4ccc(N(C(CCCCC)=O)C(CCCCC)=O)cc4)cc3)C=C(c3cccs3)C2=Nc2n1c(-c1ccc(C#Cc3ccc(N(C(CCCCC)=O)C(CCCCC)=O)cc3)cc1)cc2-c1cccs1
640.0,F[B-]1(F)[N+]2=C(c3ccc(C#Cc4ccc(N(C(CCCCC)=O)C(CCCCC)=O)cc4)cc3)C=C(c3cccs3)C2=Nc2n1c(-c1ccc(C#Cc3ccc(N(C(CCCCC)=O)C(CCCCC)=O)cc3)cc1)cc2-c1cccs1
700.0,F[B-]1(F)[N+]2=C(c3ccc(N=[N+]=[N-])cc3)C=C(c3cc(OC)c(OC)cc3)C2=Nc2n1c(-c1ccc(N=[N+]=[N-])cc1)cc2-c1ccc(OC)c(OC)c1
750.0,F[B-]1(F)[N+]2=C(c3ccc(N)cc3)C=C(c3cc(OC)c(OC)cc3)C2=Nc2n1c(-c1ccc(N)cc1)cc2-c1ccc(OC)c(OC)c1
790.0,F[B-]1(F)[N+]2=C(c3ccc(N(C)C)cc3)C=C(c3cc(OC)c(OC)cc3)C2=Nc2n1c(-c1ccc(N(C)C)cc1)cc2-c1ccc(OC)c(OC)c1
680.0,Cc1c2n(c(/C=C/c3ccc(OCC(OCC)=O)cc3)c1)[B-](F)(F)[N+]1=C(c3c(C)cc(C)[nH]3)c3ccccc3C1=C2
675.0,Cc1c2n(c(/C=C/c3ccc(OCC(OCC)=O)cc3)c1CC)[B-](F)(F)[N+]1=C(c3c(C)c(CC)c(C)[nH]3)c3ccccc3C1=C2C
676.0,Cc1c(C2=[N+]3C(=C(/C=C/c4ccc(OCC(OCC)=O)cc4)c4c(C)cc(/C=C/c5ccc(OCC(OCC)=O)cc5)n4[B-]3(F)F)c3c2cccc3)[nH]c(C)c1
725.0,Cc1c2n(c(/C=C/c3ccc(N(C)C)cc3)c1CC)[B-](F)(F)[N+]1=C(c3c(C)c(CC)c(C)[nH]3)c3ccccc3C1=C2
705.0,F[B-]1(F)[N+]2=C(c3ccccc3)C=C(c3cc4c5ccccc5n(CC)c4cc3)C2=Nc2n1c(-c1ccccc1)cc2-c1cc2c3ccccc3n(CC)c2cc1
653.0,F[B-]1(F)[N+]2=C(c3ccccc3)C(I)=C(c3cc4c5ccccc5n(CC)c4cc3)C2=Nc2n1c(-c1ccccc1)c(I)c2-c1cc2c3ccccc3n(CC)c2cc1
723.0,F[B-]1(F)[N+]2=C(c3ccc(Br)cc3)C=C(c3cc4c5ccccc5n(CC)c4cc3)C2=Nc2n1c(-c1ccc(Br)cc1)cc2-c1cc2c3ccccc3n(CC)c2cc1
649.0,F[B-]1(F)[N+]2=C(c3ccc(Br)cc3)C(I)=C(c3cc4c5ccccc5n(CC)c4cc3)C2=Nc2n1c(-c1ccc(Br)cc1)c(I)c2-c1cc2c3ccccc3n(CC)c2cc1
672.0,Cc1cccc(C)c1C1=C2[N+](=C(c3ccc(-c4ccccc4)s3)C=C2)[B-](F)(F)n2c1ccc2-c1ccc(-c2ccccc2)s1
689.0,Cc1cccc(C)c1C1=C2[N+](=C(c3ccc(-c4ccc(OC)cc4)s3)C=C2)[B-](F)(F)n2c1ccc2-c1ccc(-c2ccc(OC)cc2)s1
691.0,Cc1cccc(C)c1C1=C2[N+](=C(c3ccc(-c4ccc(NC(OC(C)(C)C)=O)cc4)s3)C=C2)[B-](F)(F)n2c1ccc2-c1ccc(-c2ccc(NC(OC(C)(C)C)=O)cc2)s1
708.0,Cc1cccc(C)c1C1=C2[N+](=C(c3ccc(-c4ccc(N)cc4)s3)C=C2)[B-](F)(F)n2c1ccc2-c1ccc(-c2ccc(N)cc2)s1
703.0,F[B-]1(F)[N+]2=C3c4ccc(OC)cc4CCC3=CC2=C(C(F)(F)F)c2n1c1c(c2)CCc2c-1ccc(OC)c2
689.0,O=C(Cc1ccccc1)OCC1=C2[N+](=C(/C=C/c3ccc(N(C)C)cc3)C=C2C)[B-](C)(C)n2c1c(C)cc2/C=C/c1ccc(N(C)C)cc1
693.0,O=C(OCc1ccccc1)OCC1=C2[N+](=C(/C=C/c3ccc(N(C)C)cc3)C=C2C)[B-](C)(C)n2c1c(C)cc2/C=C/c1ccc(N(C)C)cc1
694.0,F[B-]1(F)[N+]2=C(c3ccc(OCCCCCCOC(C(C)=C)=O)cc3)C=C(c3ccc(OC)cc3)C2=Nc2n1c(-c1ccc(OCCCCCCOC(C)=O)cc1)cc2-c1ccc(OC)cc1
708.0,F[B-]1(F)[N+]2=C(c3ccc(C(c4ccccc4)=C(c4ccccc4)c4ccccc4)cc3)C=C(c3ccccc3)C2=Nc2n1c(-c1ccc(C(c3ccccc3)=C(c3ccccc3)c3ccccc3)cc1)cc2-c1ccccc1
682.0,F[B-]1(F)[N+]2=C(c3ccccc3)C=C(c3ccc(C(c4ccccc4)=C(c4ccccc4)c4ccccc4)cc3)C2=Nc2n1c(-c1ccccc1)cc2-c1ccc(C(c2ccccc2)=C(c2ccccc2)c2ccccc2)cc1
708.0,F[B-]1(F)[N+]2=C(c3cc4c(cc3)-c3ccccc3C4(C)C)C=C(c3ccccc3)C2=Nc2n1c(-c1cc3c(cc1)-c1c(cccc1)C3(C)C)cc2-c1ccccc1
677.0,F[B-]1(F)[N+]2=C(c3ccccc3)C=C(c3ccc4c(c3)C(C)(C)c3c-4cccc3)C2=Nc2n1c(-c1ccccc1)cc2-c1cc2c(cc1)-c1c(cccc1)C2(C)C
891.0,F[B-]1(F)[n+]2c(CC)cc3c2c2c4c5c3ccc(Oc3c(C)cc(C)cc3C)c5cc3c(Oc5c(C)cc(C)cc5C)ccc(c43)c3c2n1c(CC)c3
867.0,F[B-]1(F)[n+]2c(CC)cc3c2c2c4c5c3ccc(Oc3c(C)cc(C)cc3C)c5cc3c(Oc5c(C)cc(C)cc5C)ccc(c43)c3c2n1c(CC)c3
848.0,F[B-]1(F)[n+]2c(CC)cc3c2c2c4c5c3ccc(Oc3c(C)cc(C)cc3C)c5cc3c(Oc5c(C)cc(C)cc5C)ccc(c43)c3c2n1c(CC)c3
826.0,F[B-]1(F)[n+]2c(CC)cc3c2c2c4c5c3ccc(Oc3c(C)cc(C)cc3C)c5cc3c(Oc5c(C)cc(C)cc5C)ccc(c43)c3c2n1c(CC)c3
830.0,F[B-]1(F)[n+]2c(CC)cc3c2c2c4c5c3ccc(Oc3c(C)cc(C)cc3C)c5cc3c(Oc5c(C)cc(C)cc5C)ccc(c43)c3c2n1c(CC)c3
891.0,CCc1cc2c3n1[B-](F)(F)[n+]1c(CC)c(-c4c5c6[n+](c4CC)[B-](F)(F)n4c7c6c6c8c5ccc(Oc5c(C)cc(C)cc5C)c8cc5c(Oc8c(C)cc(C)cc8C)ccc(c7cc4CC)c65)c4c1c3c1c3c4ccc(Oc4c(C)cc(C)cc4C)c3cc3c(Oc4c(C)cc(C)cc4C)ccc2c13
878.0,CCc1cc2c3n1[B-](F)(F)[n+]1c(CC)c(-c4c5c6[n+](c4CC)[B-](F)(F)n4c7c6c6c8c5ccc(Oc5c(C)cc(C)cc5C)c8cc5c(Oc8c(C)cc(C)cc8C)ccc(c7cc4CC)c65)c4c1c3c1c3c4ccc(Oc4c(C)cc(C)cc4C)c3cc3c(Oc4c(C)cc(C)cc4C)ccc2c13
860.0,CCc1cc2c3n1[B-](F)(F)[n+]1c(CC)c(-c4c5c6[n+](c4CC)[B-](F)(F)n4c7c6c6c8c5ccc(Oc5c(C)cc(C)cc5C)c8cc5c(Oc8c(C)cc(C)cc8C)ccc(c7cc4CC)c65)c4c1c3c1c3c4ccc(Oc4c(C)cc(C)cc4C)c3cc3c(Oc4c(C)cc(C)cc4C)ccc2c13
835.0,CCc1cc2c3n1[B-](F)(F)[n+]1c(CC)c(-c4c5c6[n+](c4CC)[B-](F)(F)n4c7c6c6c8c5ccc(Oc5c(C)cc(C)cc5C)c8cc5c(Oc8c(C)cc(C)cc8C)ccc(c7cc4CC)c65)c4c1c3c1c3c4ccc(Oc4c(C)cc(C)cc4C)c3cc3c(Oc4c(C)cc(C)cc4C)ccc2c13
843.0,CCc1cc2c3n1[B-](F)(F)[n+]1c(CC)c(-c4c5c6[n+](c4CC)[B-](F)(F)n4c7c6c6c8c5ccc(Oc5c(C)cc(C)cc5C)c8cc5c(Oc8c(C)cc(C)cc8C)ccc(c7cc4CC)c65)c4c1c3c1c3c4ccc(Oc4c(C)cc(C)cc4C)c3cc3c(Oc4c(C)cc(C)cc4C)ccc2c13
761.0,F[B-]1(F)[N+]2=C(c3ccccc3)c3c(cc4ccccc4c3)C2=Cc2c3c(cc4ccccc4c3)c(-c3ccccc3)n21
694.0,F[B-]1(F)[N+]2=c3c4ccc5c(cccc5)c4oc3=CC2=C(C(F)(F)F)c2n1c1c(c2)oc2c1ccc1c2cccc1
680.0,F[B-]1(F)[N+]2=C(c3ccccc3)C=C(c3cc(OC)cc(OC)c3)C2=Nc2n1c(-c1ccccc1)cc2-c1cc(OC)cc(OC)c1
664.0,F[B-]1(F)[N+]2=C(c3ccc(Br)cc3)C=C(c3cc(OC)cc(OC)c3)C2=Nc2n1c(-c1ccc(Br)cc1)cc2-c1cc(OC)cc(OC)c1
675.0,F[B-]1(F)[N+]2=C(c3ccc(I)cc3)C=C(c3cc(OC)cc(OC)c3)C2=Nc2n1c(-c1ccc(I)cc1)cc2-c1cc(OC)cc(OC)c1
676.0,F[B-]1(F)[N+]2=C(c3ccc(I)cc3)C(I)=C(c3c(I)c(OC)cc(OC)c3)C2=Nc2n1c(-c1ccc(I)cc1)c(I)c2-c1cc(OC)cc(OC)c1I
681.0,CC(C)(C)c1ccc(-c2c(/N=C3\N=C(c4ccc(N(C)C)cc4)C=C3c3ccc(C(C)(C)C)cc3)[nH]c(-c3ccc(N(C)C)cc3)c2)cc1
796.0,F[B-]1(F)[N+]2=C(c3ccc(N(C)C)cc3)C=C(c3ccc(C(C)(C)C)cc3)C2=Nc2n1c(-c1ccc(N(C)C)cc1)cc2-c1ccc(C(C)(C)C)cc1
797.0,Brc1c(-c2ccc(N(C)C)cc2)n2c(c1-c1ccc(C(C)(C)C)cc1)N=C1[N+](=C(c3ccc(N(C)C)cc3)C(Br)=C1c1ccc(C(C)(C)C)cc1)[B-]2(F)F
675.0,Brc1c(-c2ccc(N(C)C)cc2)[nH]c(/N=C2\N=C(c3ccc(N(C)C)cc3)C(Br)=C2c2ccc(C(C)(C)C)cc2)c1-c1ccc(C(C)(C)C)cc1
673.0,CC(C)(C)c1ccc(-c2c(/N=C3\N=C(c4ccc(N(c5ccccc5)c5ccccc5)cc4)C=C3c3ccc(C(C)(C)C)cc3)[nH]c(-c3ccc(N(c4ccccc4)c4ccccc4)cc3)c2)cc1
789.0,F[B-]1(F)[N+]2=C(c3ccc(N(c4ccccc4)c4ccccc4)cc3)C=C(c3ccc(C(C)(C)C)cc3)C2=Nc2n1c(-c1ccc(N(c3ccccc3)c3ccccc3)cc1)cc2-c1ccc(C(C)(C)C)cc1
769.0,BrC1=C(c2ccc(C(C)(C)C)cc2)C2=Nc3c(-c4ccc(C(C)(C)C)cc4)cc(-c4ccc(N(c5ccccc5)c5ccccc5)cc4)n3[B-](F)(F)[N+]2=C1c1ccc(N(c2ccccc2)c2ccccc2)cc1
730.0,F[B-]1(F)[N+]2=C(c3ccc(/C=C(/c4ccncc4)C#N)s3)C=CC2=C(c2ccc(/C=C(\C#N)c3ccncc3)s2)c2n1c(-c1ccc(/C=C(/c3ccncc3)C#N)s1)cc2
731.0,F[B-]1(F)[N+]2=C(c3ccc(/C=C(/c4ccncc4)C#N)s3)C=CC2=C(c2ccc(/C=C(\C#N)c3ccncc3)s2)c2n1c(-c1ccc(/C=C(/c3ccncc3)C#N)s1)cc2
737.0,F[B-]1(F)[N+]2=C(c3ccc(/C=C(/c4ccncc4)C#N)s3)C=CC2=C(c2ccc(/C=C(\C#N)c3ccncc3)s2)c2n1c(-c1ccc(/C=C(/c3ccncc3)C#N)s1)cc2
672.0,Cc1c(Br)c(/C=C/c2ccc(OC)cc2)n2c1C=C1[N+](=C(/C=C/c3ccc(OC)cc3)C(Br)=C1C)[B-]2(F)F
664.0,Cc1ccc(C2=C3[N+](=C(c4ccc(CCCCCC)s4)C(c4ccc(CCCCCC)s4)=C3)[B-](F)(F)n3c2cc(-c2ccc(CCCCCC)s2)c3-c2ccc(CCCCCC)s2)cc1
654.0,Cc1ccc(C2=C3[N+](=C(c4csc(CCCCCC)c4)C(c4ccc(CCCCCC)s4)=C3)[B-](F)(F)n3c2cc(-c2ccc(CCCCCC)s2)c3-c2csc(CCCCCC)c2)cc1
719.0,Cc1ccc(C2=C3[N+](=c4c(c5cc(CCCCCC)sc5c5c4sc(CCCCCC)c5)=C3)[B-](F)(F)n3c2cc2c3c3sc(CCCCCC)cc3c3c2cc(CCCCCC)s3)cc1
702.0,F[B-]1(F)[N+]2=C(c3ccc(OC)cc3)C=C(c3ccc([N+](CC)(CC)C)cc3)C2=Nc2n1c(-c1ccc(OC)cc1)cc2-c1ccc([N+](CC)(CC)C)cc1
681.0,F[B-]1(F)[N+]2=C(c3ccc(OC)cc3)C(Br)=C(c3ccc([N+](CC)(CC)C)cc3)C2=Nc2n1c(-c1ccc(OC)cc1)c(Br)c2-c1ccc([N+](CC)(CC)C)cc1
684.0,F[B-]1(F)[N+]2=C(c3ccc(OC)cc3)C(Br)=C(c3ccc(N(CC)CC)cc3)C2=Nc2n1c(-c1ccc(OC)cc1)c(Br)c2-c1ccc(N(CC)CC)cc1
651.0,F[B-]1(F)n2c(-c3ccc(OC)cc3)cc(-c3ccc(N(CC)CC)cc3)c2N=C2[N+]1=C(c1ccc(OC)cc1)C=C2c1ccc(N(CC)CC)cc1
668.0,F[B-]1(F)n2c(-c3ccc(OC)cc3)cc(-c3ccc4c(c3)CCCN4CC)c2N=C2[N+]1=C(c1ccc(OC)cc1)C=C2c1cc2c(cc1)N(CC)CCC2
672.0,F[B-]1(F)n2c(-c3ccc(OC)cc3)cc(-c3cc4c5c(c3)CCCN5CCC4)c2N=C2[N+]1=C(c1ccc(OC)cc1)C=C2c1cc2c3c(c1)CCCN3CCC2
668.0,F[B-]1(F)[N+]2=C(c3c(OC)ccc4c3cccc4)C=C(c3ccccc3)C2=Nc2n1c1c(c2-c2ccccc2)CCc2c-1ccc(OC)c2
619.0,COc1cc(-c2c(/N=C3\N=C(c4ccccc4)C=C3c3cc(OC)cc(OC)c3)[nH]c(-c3ccccc3)c2)cc(OC)c1
617.0,COc1cc(-c2c(/N=C3\N=C(c4ccc(Br)cc4)C=C3c3cc(OC)cc(OC)c3)[nH]c(-c3ccc(Br)cc3)c2)cc(OC)c1
666.0,COc1cc(-c2c3n(c(-c4ccc(Br)cc4)c2I)[B-](F)(F)[N+]2=C(c4ccc(Br)cc4)C(I)=C(c4c(I)c(OC)cc(OC)c4)C2=N3)c(I)c(OC)c1
544.0,CCC1=C(C)C2=C(c3c(F)c(F)c(F)c(F)c3F)c3c(C)c(CC)c(C)n3[B-](F)(F)[N+]2=C1C
606.0,CCC1=C(C)C2=C(c3c(F)c(F)c(F)c(F)c3F)c3c(C)c(CC)c(/C=C/c4ccc(O)cc4)n3[B-](F)(F)[N+]2=C1C
661.0,CCC1=C(C)C2=C(c3c(F)c(F)c(F)c(F)c3F)c3c(C)c(CC)c(/C=C/c4ccccc4)n3[B-](F)(F)[N+]2=C1/C=C/c1ccccc1
646.0,CCC1=C(C)C2=C(c3c(F)c(F)c(F)c(F)c3F)c3c(C)c(CC)c(/C=C/c4c(C)cc(C)cc4C)n3[B-](F)(F)[N+]2=C1/C=C/c1c(C)cc(C)cc1C
625.0,F[B-]1(F)[N+]2=C(c3c(OC)cccc3)c3c(cc(CCOC(C(C)=C)=O)cc3)C2=Cc2n1c(-c1c(OC)cccc1)c1c2cc(CCOC(C)=O)cc1
670.0,F[B-]1(F)[N+]2=C(c3ccc(I)cc3)C(I)=C(c3cc(OC)cc(OC)c3)C2=Nc2n1c(-c1ccc(I)cc1)c(I)c2-c1cc(OC)cc(OC)c1
666.0,F[B-]1(F)[N+]2=C(c3ccc(Br)cc3)C(I)=C(c3c(I)c(OC)cc(OC)c3)C2=Nc2n1c(-c1ccc(Br)cc1)c(I)c2-c1cc(OC)cc(OC)c1I
502.0,Cc1cc(C)n2c1C=C1[N+](=C(C)C=C1C)[B-]2(F)F
534.0,Cc1c(I)c(C)n2c1C=C1[N+](=C(C)C(I)=C1C)[B-]2(F)F
525.0,Cc1c(I)c(C)n2c1C(CCC(O)=O)=C1[N+](=C(C)C(I)=C1C)[B-]2(F)F
548.5,F[B-]1(F)[N+]2=CC(I)=CC2=C(c2ccc(C)cc2)c2n1cc(I)c2
563.5,F[B-]1(F)[N+]2=C(I)C(I)=CC2=C(c2ccc(C)cc2)c2n1cc(I)c2
581.0,F[B-]1(F)[N+]2=C(I)C(I)=CC2=C(c2ccc(C)cc2)c2n1c(I)c(I)c2
629.0,F[B-]1(F)[N+]2=C(/C=C/c3ccc(N(C)C)cc3)C(I)=C(C)C2=C(c2ccccc2)c2n1c(C)c(I)c2C
576.0,F[B-]1(F)[N+]2=C(C)C(C#CC#Cc3c(C)n4c(c3C)C(c3ccccc3)=C3[N+](=C(C)C(I)=C3C)[B-]4(F)F)=C(C)C2=C(c2ccccc2)c2n1c(C)c(I)c2C
618.0,F[B-]1(F)[N+]2=C(C)C(C#Cc3c(C)n4c(c3C)C(c3ccccc3)=C3[N+](=C(C)C(I)=C3C)[B-]4(F)F)=C(C)C2=C(c2ccccc2)c2n1c(C)c(I)c2C
532.0,F[B-]1(F)[N+]2=C(C)C(c3ccc(I)s3)=C(C)C2=C(c2ccccc2)c2n1c(C)c(I)c2C
526.0,F[B-]1(F)[N+]2=C(C)C(c3ccc(I)s3)=C(C)C2=C(c2ccccc2)c2n1c(C)c(-c1ccc(I)s1)c2C
516.0,CC1=C(CC)C(C)=[N+]2C1=C(c1ccccc1)c1n(c3c(c1)c(=O)oc1c3cccc1)[B-]2(F)F
504.0,CC1=C(CC)C(C)=[N+]2C1=C(c1ccccc1)c1n(c3c(c1)c(=O)oc1c3cccc1)[B-]2(F)F
510.0,CC1=C(CC)C(C)=[N+]2C1=C(c1ccccc1)c1n(c3c(c1)c(=O)oc1c3cccc1)[B-]2(F)F
548.0,CC1=C(CC)C(C)=[N+]2C1=C(c1ccccc1)c1n(c3c(c1)c(=O)oc1c3ccc(O)c1)[B-]2(F)F
530.0,CC1=C(CC)C(C)=[N+]2C1=C(c1ccccc1)c1n(c3c(c1)c(=O)oc1c3ccc(O)c1)[B-]2(F)F
530.0,CC1=C(CC)C(C)=[N+]2C1=C(c1ccccc1)c1n(c3c(c1)c(=O)oc1c3ccc(O)c1)[B-]2(F)F
538.0,CC1=C(CC)C(C)=[N+]2C1=C(c1ccccc1)c1n(c3c(c1)c(=O)oc1c3ccc(O)c1)[B-]2(F)F
632.0,CC1=C(CC)C(C)=[N+]2C1=C(c1ccccc1)c1n(c3c(c1)c(=O)oc1c3ccc(N(CC)CC)c1)[B-]2(F)F
668.0,F[B-]1(F)[N+]2=C(c3c(OC)ccc4c3cccc4)C=C(c3ccccc3)C2=Nc2n1c1c(c2-c2ccccc2)CCc2c-1ccc(OC)c2
617.0,Cc1cccc(C)c1C1=C2[N+](=C(c3ccc(C)s3)C(c3cc4c(c(=O)[nH][nH]c4=O)cc3)=C2)[B-](F)(F)n2c1ccc2-c1ccc(C)s1
640.0,Cc1cccc(C)c1C1=C2[N+](=C(c3ccc(C)s3)C=C2)[B-](F)(F)n2c1ccc2-c1ccc(C)s1
658.0,F[B-]1(F)[N+]2=C(c3ccc(Br)cc3)C=C(c3ccccc3)C2=Nc2n1c(-c1ccc(Br)cc1)cc2-c1ccccc1
619.0,COc1cc(-c2c(/N=C3\N=C(c4ccccc4)C=C3c3cc(OC)cc(OC)c3)[nH]c(-c3ccccc3)c2)cc(OC)c1
617.0,COc1cc(-c2c(/N=C3\N=C(c4ccc(Br)cc4)C=C3c3cc(OC)cc(OC)c3)[nH]c(-c3ccc(Br)cc3)c2)cc(OC)c1
666.0,COc1cc(-c2c3n(c(-c4ccc(Br)cc4)c2I)[B-](F)(F)[N+]2=C(c4ccc(Br)cc4)C(I)=C(c4c(I)c(OC)cc(OC)c4)C2=N3)c(I)c(OC)c1
544.0,CCC1=C(C)C2=C(c3c(F)c(F)c(F)c(F)c3F)c3c(C)c(CC)c(C)n3[B-](F)(F)[N+]2=C1C
606.0,CCC1=C(C)C2=C(c3c(F)c(F)c(F)c(F)c3F)c3c(C)c(CC)c(/C=C/c4ccc(O)cc4)n3[B-](F)(F)[N+]2=C1C
661.0,CCC1=C(C)C2=C(c3c(F)c(F)c(F)c(F)c3F)c3c(C)c(CC)c(/C=C/c4ccccc4)n3[B-](F)(F)[N+]2=C1/C=C/c1ccccc1
646.0,CCC1=C(C)C2=C(c3c(F)c(F)c(F)c(F)c3F)c3c(C)c(CC)c(/C=C/c4c(C)cc(C)cc4C)n3[B-](F)(F)[N+]2=C1/C=C/c1c(C)cc(C)cc1C
625.0,F[B-]1(F)[N+]2=C(c3c(OC)cccc3)c3c(cc(CCOC(C(C)=C)=O)cc3)C2=Cc2n1c(-c1c(OC)cccc1)c1c2cc(CCOC(C)=O)cc1
670.0,F[B-]1(F)[N+]2=C(c3ccc(I)cc3)C(I)=C(c3cc(OC)cc(OC)c3)C2=Nc2n1c(-c1ccc(I)cc1)c(I)c2-c1cc(OC)cc(OC)c1
666.0,F[B-]1(F)[N+]2=C(c3ccc(Br)cc3)C(I)=C(c3c(I)c(OC)cc(OC)c3)C2=Nc2n1c(-c1ccc(Br)cc1)c(I)c2-c1cc(OC)cc(OC)c1I
502.0,Cc1cc(C)n2c1C=C1[N+](=C(C)C=C1C)[B-]2(F)F
534.0,Cc1c(I)c(C)n2c1C=C1[N+](=C(C)C(I)=C1C)[B-]2(F)F
525.0,Cc1c(I)c(C)n2c1C(CCC(O)=O)=C1[N+](=C(C)C(I)=C1C)[B-]2(F)F
548.5,F[B-]1(F)[N+]2=CC(I)=CC2=C(c2ccc(C)cc2)c2n1cc(I)c2
563.5,F[B-]1(F)[N+]2=C(I)C(I)=CC2=C(c2ccc(C)cc2)c2n1cc(I)c2
581.0,F[B-]1(F)[N+]2=C(I)C(I)=CC2=C(c2ccc(C)cc2)c2n1c(I)c(I)c2
629.0,F[B-]1(F)[N+]2=C(/C=C/c3ccc(N(C)C)cc3)C(I)=C(C)C2=C(c2ccccc2)c2n1c(C)c(I)c2C
576.0,F[B-]1(F)[N+]2=C(C)C(C#CC#Cc3c(C)n4c(c3C)C(c3ccccc3)=C3[N+](=C(C)C(I)=C3C)[B-]4(F)F)=C(C)C2=C(c2ccccc2)c2n1c(C)c(I)c2C
618.0,F[B-]1(F)[N+]2=C(C)C(C#Cc3c(C)n4c(c3C)C(c3ccccc3)=C3[N+](=C(C)C(I)=C3C)[B-]4(F)F)=C(C)C2=C(c2ccccc2)c2n1c(C)c(I)c2C
532.0,F[B-]1(F)[N+]2=C(C)C(c3ccc(I)s3)=C(C)C2=C(c2ccccc2)c2n1c(C)c(I)c2C
526.0,F[B-]1(F)[N+]2=C(C)C(c3ccc(I)s3)=C(C)C2=C(c2ccccc2)c2n1c(C)c(-c1ccc(I)s1)c2C
516.0,CC1=C(CC)C(C)=[N+]2C1=C(c1ccccc1)c1n(c3c(c1)c(=O)oc1c3cccc1)[B-]2(F)F
504.0,CC1=C(CC)C(C)=[N+]2C1=C(c1ccccc1)c1n(c3c(c1)c(=O)oc1c3cccc1)[B-]2(F)F
510.0,CC1=C(CC)C(C)=[N+]2C1=C(c1ccccc1)c1n(c3c(c1)c(=O)oc1c3cccc1)[B-]2(F)F
548.0,CC1=C(CC)C(C)=[N+]2C1=C(c1ccccc1)c1n(c3c(c1)c(=O)oc1c3ccc(O)c1)[B-]2(F)F
530.0,CC1=C(CC)C(C)=[N+]2C1=C(c1ccccc1)c1n(c3c(c1)c(=O)oc1c3ccc(O)c1)[B-]2(F)F
530.0,CC1=C(CC)C(C)=[N+]2C1=C(c1ccccc1)c1n(c3c(c1)c(=O)oc1c3ccc(O)c1)[B-]2(F)F
538.0,CC1=C(CC)C(C)=[N+]2C1=C(c1ccccc1)c1n(c3c(c1)c(=O)oc1c3ccc(O)c1)[B-]2(F)F
632.0,CC1=C(CC)C(C)=[N+]2C1=C(c1ccccc1)c1n(c3c(c1)c(=O)oc1c3ccc(N(CC)CC)c1)[B-]2(F)F
576.0,F[B-]1(F)[N+]2=C(/C=C/c3ccccc3)C(C(OCC)=O)=C(c3ccccc3)C2=Cc2c(-c3ccccc3)c(C(OCC)=O)c(C)n21
576.0,F[B-]1(F)[N+]2=C(/C=C/c3ccccc3)C(C(OCC)=O)=C(c3ccccc3)C2=Cc2c(-c3ccccc3)c(C(OCC)=O)c(C)n21
633.0,F[B-]1(F)[N+]2=C(/C=C/c3ccccc3)C(C(OCC)=O)=C(c3ccccc3)C2=Cc2c(-c3ccccc3)c(C(OCC)=O)c(/C=C/c3ccccc3)n21
633.0,F[B-]1(F)[N+]2=C(/C=C/c3ccccc3)C(C(OCC)=O)=C(c3ccccc3)C2=Cc2c(-c3ccccc3)c(C(OCC)=O)c(/C=C/c3ccccc3)n21
516.0,CC1=C(CC)C(C)=[N+]2C1=C(c1ccccc1)c1n(c3c(c1)c(=O)oc1c3cccc1)[B-]2(F)F
504.0,CC1=C(CC)C(C)=[N+]2C1=C(c1ccccc1)c1n(c3c(c1)c(=O)oc1c3cccc1)[B-]2(F)F
510.0,CC1=C(CC)C(C)=[N+]2C1=C(c1ccccc1)c1n(c3c(c1)c(=O)oc1c3cccc1)[B-]2(F)F
548.0,CC1=C(CC)C(C)=[N+]2C1=C(c1ccccc1)c1n(c3c(c1)c(=O)oc1c3ccc(O)c1)[B-]2(F)F
530.0,CC1=C(CC)C(C)=[N+]2C1=C(c1ccccc1)c1n(c3c(c1)c(=O)oc1c3ccc(O)c1)[B-]2(F)F
530.0,CC1=C(CC)C(C)=[N+]2C1=C(c1ccccc1)c1n(c3c(c1)c(=O)oc1c3ccc(O)c1)[B-]2(F)F
538.0,CC1=C(CC)C(C)=[N+]2C1=C(c1ccccc1)c1n(c3c(c1)c(=O)oc1c3ccc(O)c1)[B-]2(F)F
632.0,CC1=C(CC)C(C)=[N+]2C1=C(c1ccccc1)c1n(c3c(c1)c(=O)oc1c3ccc(N(CC)CC)c1)[B-]2(F)F
558.0,F[B-]1(F)[N+]2=C(c3ccccc3)C=CC2=C(c2ccc(I)cc2)c2n1c(-c1ccccc1)cc2
573.0,F[B-]1(F)[N+]2=C(c3ccc[nH]3)C=CC2=C(c2c(C)cc(C)cc2C)c2n1c(C)cc2
622.0,F[B-]1(F)[N+]2=C(c3cccs3)C=CC2=C(c2ccc(Br)cc2)c2n1c(-c1cccs1)cc2
637.0,F[B-]1(F)[N+]2=c3c4ccccc4oc3=CC2=C(c2ccc(I)cc2)c2n1c1c(c2)oc2c1cccc2
658.0,F[B-]1(F)[N+]2=c3c4ccccc4sc3=CC2=C(c2ccc(I)cc2)c2n1c1c(c2)sc2c1cccc2
634.0,F[B-]1(F)[N+]2=C3c4ccccc4CCC3=CC2=C(c2ccc(I)cc2)c2n1c1c(c2)CCc2c-1cccc2
658.0,F[B-]1(F)[N+]2=C3c4ccc(OC)cc4CCC3=CC2=C(c2ccc(I)cc2)c2n1c1c(c2)CCc2c-1ccc(OC)c2
619.0,F[B-]1(F)[N+]2=C3c4ccccc4CCC3=C(C)C2=C(c2ccc(I)cc2)c2n1c1c(c2C)CCc2c-1cccc2
634.0,F[B-]1(F)[N+]2=C3c4ccccc4CCC3=CC2=C(c2ccc(I)cc2)c2n1c1c(c2)ccc2c1cccc2
633.0,F[B-]1(F)[N+]2=C(/C=C/c3ccccc3)C=CC2=C(c2ccccc2)c2n1c(/C=C/c1ccccc1)cc2
605.0,F[B-]1(F)[N+]2=C(C#Cc3ccccc3)C=CC2=C(c2ccccc2)c2n1c(C#Cc1ccccc1)cc2
641.0,F[B-]1(F)[N+]2=C(/C=C/C=C/C(OCC)=O)C=CC2=C(c2c(C)cc(C)cc2C)c2n1c(/C=C/C=C/C(OCC)=O)cc2
633.0,F[B-]1(F)[N+]2=CC(/C=C/C=C/C(OCC)=O)=CC2=C(c2c(C)cc(C)cc2C)c2n1cc(/C=C/C=C/C(OCC)=O)c2
621.0,F[B-]1(F)[N+]2=C(C)c3c4ccccc4c4c(cccc4)c3C2=C(c2ccc(N(C)C)cc2)c2n1c(C)c1c2c2ccccc2c2c1cccc2
652.0,F[B-]1(F)[N+]2=c3cc(-c4ccccc4)oc3=CC2=Cc2n1c1c(c2)oc(-c2ccccc2)c1
671.0,F[B-]1(F)[N+]2=c3cc(-c4c(OC)cccc4)oc3=CC2=Cc2n1c1c(c2)oc(-c2ccccc2OC)c1
662.0,F[B-]1(F)[N+]2=c3cc(-c4ccc(C(C)C)cc4)oc3=CC2=Cc2n1c1c(c2)oc(-c2ccc(C(C)C)cc2)c1
629.0,F[B-]1(F)[N+]2=c3cc(-c4c(C(C)C)cccc4)oc3=CC2=Cc2n1c1c(c2)oc(-c2ccccc2C(C)C)c1
679.0,F[B-]1(F)[N+]2=c3cc(-c4c(OC)ccc(OC)c4)oc3=CC2=Cc2n1c1c(c2)oc(-c2cc(OC)ccc2OC)c1
612.0,Cc1ccc(C2=C3[N+](=C(/C=C/c4cc5c(n(Cc6cn(CCC[P+](c7ccccc7)(c7ccccc7)c7ccccc7)nn6)c6c5cccc6)cc4)C(Cl)=C3C)[B-](F)(F)n3c2c(C)c(Cl)c3C)cc1
680.0,CC[N+](CC)=C1C=CC(=C/C=C2/C=C(c3c(C(O)=O)cccc3)c3c(c4c5c(c3)CCCN5CCC4)O2)C=C1
666.0,CCN(CC)c1cc2c(cc1)C(c1c(C(O)=O)cccc1)=C/C(=C/C=C1C=CC(=[N+](CC)CC)C=C1)O2
663.0,CCN(CC)c1ccc2c([o+]c3c(c2-c2c(C(O)=O)cccc2)CCC/C3=C\c2ccccc2N(CC)CC)c1
699.0,CCN(CC)c1ccc2c([o+]c3c(c2-c2c(C(O)=O)cccc2)CCC/C3=C\c2ccc(O)cc2N(CC)CC)c1
630.0,CCN(CC)c1ccc2c([o+]c3c(c2-c2c(C(O)=O)cccc2)CCC/C3=C\c2cc3c(cc(N(CC)CC)cc3)oc2=O)c1
652.0,CCN(CC)c1ccc2c([o+]c3c(c2-c2c(C(O)=O)cccc2)CCC/C3=C\C=C\c2cc3c(cc(N(CC)CC)cc3)oc2=O)c1
688.0,CP1(=O)c2cc(N(CC)CC)ccc2C(c2ccccc2)=C2C1=CC(=[N+](CC)CC)C=C2
682.0,CP1(=O)c2cc(N(CC)CC)ccc2C(c2ccccc2)=C2C1=CC(=[N+](CC)CC)C=C2
690.0,CP1(=O)c2cc(N(CC)CC)ccc2C(c2ccccc2)=C2C1=CC(=[N+](CC)CC)C=C2
694.0,CP1(=O)c2cc(N(CC)CC)ccc2C(c2ccccc2)=C2C1=CC(=[N+](CC)CC)C=C2
688.0,CP1(=O)c2cc(N(CC)CC)ccc2C(c2c(C)cccc2)=C2C1=CC(=[N+](CC)CC)C=C2
684.0,CP1(=O)c2cc(N(CC)CC)ccc2C(c2c(C)cccc2)=C2C1=CC(=[N+](CC)CC)C=C2
691.0,CP1(=O)c2cc(N(CC)CC)ccc2C(c2c(C)cccc2)=C2C1=CC(=[N+](CC)CC)C=C2
694.0,CP1(=O)c2cc(N(CC)CC)ccc2C(c2c(C)cccc2)=C2C1=CC(=[N+](CC)CC)C=C2
687.0,CP1(=O)c2cc(N(CC)CC)ccc2C(c2c(C)cc(C)cc2C)=C2C1=CC(=[N+](CC)CC)C=C2
684.0,CP1(=O)c2cc(N(CC)CC)ccc2C(c2c(C)cc(C)cc2C)=C2C1=CC(=[N+](CC)CC)C=C2
691.0,CP1(=O)c2cc(N(CC)CC)ccc2C(c2c(C)cc(C)cc2C)=C2C1=CC(=[N+](CC)CC)C=C2
696.0,CP1(=O)c2cc(N(CC)CC)ccc2C(c2c(C)cc(C)cc2C)=C2C1=CC(=[N+](CC)CC)C=C2
640.0,CC[N+](CC)=c1ccc2c(C(F)(F)F)c3c(c4ccc(N)cc4o3)oc-2c1.[O-][Cl+3]([O-])([O-])[O-]
640.0,CC[N+](CC)=c1ccc2c(C(F)(F)F)c3c(c4ccc(N)cc4o3)oc-2c1.[O-][Cl+3]([O-])([O-])[O-]
606.0,CC[N+]1=c2c(cc3c(c2)Oc2c(c(-c4ccccc4C(O)=O)cc(N(CC)CC)c2)C=3)Sc2c1cccc2
698.0,CN(C)c1ccc2c(c1)P(OCC)(=O)C1=CC(=[N+](C)C)C=CC1=C2c1ccccc1C
700.0,O=P1([O-])c2c3c4c(cc2=C(c2ccccc2C)c2cc5c6c(c21)CCCN6CCC5)CCC[N+]=4CCC3
744.0,O=P1(OCC)c2c3c4c(cc2=C(c2ccccc2C)c2cc5c6c(c21)CCCN6CCC5)CCC[N+]=4CCC3
694.0,O=P1(C)c2cc(N(CC)CC)ccc2C(c2ccccc2)=C2C=CC(=[N+](CC)CC)C=C12
694.0,O=P1(C)c2cc(N(CC)CC)ccc2C(c2ccccc2C)=C2C=CC(=[N+](CC)CC)C=C12
696.0,O=P1(C)c2cc(N(CC)CC)ccc2C(c2c(C)cc(C)cc2C)=C2C=CC(=[N+](CC)CC)C=C12
703.0,CN(C)c1ccc2c(c1)S(=O)(=O)C1=CC(=[N+](C)C)C=CC1=C2c1ccccc1
703.0,CN(C)c1ccc2c(c1)S(=O)(=O)C1=CC(=[N+](C)C)C=CC1=C2c1ccccc1C
707.0,CN(C)c1ccc2c(c1)S(=O)(=O)C1=CC(=[N+](C)C)C=CC1=C2c1ccccc1OC
704.0,CN(C)c1ccc2c(c1)S(=O)(=O)C1=CC(=[N+](C)C)C=CC1=C2c1c(C)cccc1C
710.0,CN(C)c1ccc2c(c1)S(=O)(=O)C1=CC(=[N+](C)C)C=CC1=C2c1c(OC)cccc1OC
700.0,CCN(CC)c1ccc2c(c1)OC1=C(/C=C/C3=[N+](C)c4ccccc4C3(C)C)CCCC1=C2
688.0,CCNc1c(C)cc2c(c1)OC1=C(/C=C/C3=[N+](C)c4ccccc4C3(C)C)CCCC1=C2c1ccccc1C(O)=O
708.0,CCNc1c(C)cc2c(c1)OC1=C(/C=C/C3=[N+](C)c4ccc5c(cccc5)c4C3(C)C)CCCC1=C2c1ccccc1C(O)=O
700.0,CCN(CC)c1ccc2c(c1)OC1=C(/C=C/C3=[N+](C)c4ccccc4C3(C)C)CCCC1=C2c1ccccc1C(O)=O
720.0,CCN(CC)c1ccc2c(c1)OC1=C(/C=C/C3=[N+](C)c4ccc5c(cccc5)c4C3(C)C)CCCC1=C2c1ccccc1C(O)=O
710.0,CCN(CC)c1ccc2c(c1)OC1=C(/C=C/C3=[N+](CC)c4ccccc4C3(C)C)CCCC1=C2c1ccccc1C(O)=O
710.0,C[N+]1=C(/C=C/C2=C3C(=C(c4ccccc4C(O)=O)c4cc5c6c(c4O3)CCCN6CCC5)CCC2)C(C)(C)c2c1cccc2
728.0,C[N+]1=C(/C=C/C2=C3C(=C(c4ccccc4C(O)=O)c4cc5c6c(c4O3)CCCN6CCC5)CCC2)C(C)(C)c2c1ccc1c2cccc1
720.0,CCN(CC)c1ccc2c(c1)OC1=C(/C=C/C3=[N+](CC)c4ccccc4C3(C)C)CCCC1=C2/C=C1\C(C)(C)c2ccccc2N1CC
710.0,CCNc1c(C)cc2c(c1)OC1=C(/C=C/C3=[N+](CC)c4ccccc4C3(C)C)CCCC1=C2/C=C1\C(C)(C)c2ccccc2N1CC
712.0,CCNc1ccc2c(c1)OC1=C(/C=C/C3=[N+](CC)c4ccccc4C3(C)C)CCCC1=C2/C=C1\C(C)(C)c2ccccc2N1CC
724.0,CC1(C)c2c(cccc2)[N+](CC)=C1/C=C/C1=C2C(=C(/C=C3\C(C)(C)c4ccccc4N3CC)c3cc4c5c(c3O2)CCCN5CCC4)CCC1
651.0,CCN(CC)c1ccc2c(/C=C/C=C3\C(C)(C)c4ccccc4N3C)c3ccc(N(CC)CC)cc3[o+]c2c1
663.0,CCN(CC)c1ccc2c(/C=C/C=C3\Sc4ccccc4N3C)c3ccc(N(CC)CC)cc3[o+]c2c1
684.0,CCN(CC)c1ccc2c(/C=C/C=C3\C=Cc4ccccc4N3C)c3ccc(N(CC)CC)cc3[o+]c2c1
670.0,CCN1CCCc2c1cc1c(c2)C(c2ccccc2C(O)=O)=c2c(cc3c(c2)CCC[N+]=3CC)C1(C)C
691.0,C[Si]1(C)c2cc3c(cc2=C(c2ccccc2C)c2cc4c(cc21)N(C)CC4)CC[N+]=3C
712.0,CN1C(C)(C)C=C(C)c2c1cc1c(c2)C(c2ccccc2C)=c2c(cc3c(c2)C(C)=CC(C)(C)[N+]=3C)[Si]1(C)C
698.0,C[N+](C)=C1C=CC2=C(c3ccccc3)c3ccc(N(C)C)cc3P(c3ccccc3)(=O)C2=C1.[Cl-]
701.0,C[N+](C)=C1C=CC2=C(c3c(OC)cccc3)c3ccc(N(C)C)cc3P(c3ccccc3)(=O)C2=C1
703.0,C[N+](C)=C1C=CC2=C(c3c(OC)cccc3OC)c3ccc(N(C)C)cc3P(c3ccccc3)(=O)C2=C1.[Cl-]
699.0,C[N+](C)=C1C=CC2=C(c3c(CC)cccc3)c3ccc(N(C)C)cc3P(c3ccccc3)(=O)C2=C1.[Cl-]
730.0,C[N+](C)=C1C=CC2=C(c3c(C)cccc3C)c3ccc(N(C)C)cc3P(c3ccccc3)(=O)C2=C1.[Cl-]
700.0,C[N+](C)=C1C=CC2=C(c3c(C)cc(C)cc3C)c3ccc(N(C)C)cc3P(c3ccccc3)(=O)C2=C1.[Cl-]
693.0,C[N+](C)=C1C=CC2=C(c3c(C)cccc3)c3ccc(N(C)C)cc3P(C(C)(C)C)(=O)C2=C1.[Cl-]
697.0,C[N+](C)=C1C=CC2=C(c3c(OC)cccc3OC)c3ccc(N(C)C)cc3P(C(C)(C)C)(=O)C2=C1
699.0,C[N+](C)=C1C=CC2=C(c3c(C)cccc3)c3ccc(N(C)C)cc3P(c3ccccc3)(=O)C2=C1.[Cl-]
699.0,O=P1(c2ccccc2)c2cc(N3CCC3)ccc2C(c2c(C)cccc2)=C2C=CC(=[N+]3CCC3)C=C12.[Cl-]
708.0,O=P1(c2ccccc2)c2cc(N3CCCC3)ccc2C(c2c(C)cccc2)=C2C=CC(=[N+]3CCCC3)C=C12.[Cl-]
706.0,C[N+](C)=C1C=CC2=C(c3c(C(F)(F)F)cccc3)c3ccc(N(C)C)cc3P(c3ccccc3)(=O)C2=C1
710.0,O=P1(c2ccccc2)c2cc(N3CCC3)ccc2C(c2c(C(F)(F)F)cccc2)=C2C=CC(=[N+]3CCC3)C=C12.[Cl-]
718.0,O=P1(c2ccccc2)c2cc(N3CCCC3)ccc2C(c2c(C(F)(F)F)cccc2)=C2C=CC(=[N+]3CCCC3)C=C12.[Cl-]
703.0,O=P1(c2ccccc2)c2cc(N(C)C)ccc2C(c2ccccc2C)=C2C=CC(=[N+]3CCCC3)C=C12.[Cl-]
703.0,O=P1(c2ccccc2)c2cc(N(C)C)ccc2C(c2ccccc2CC)=C2C=CC(=[N+]3CCCC3)C=C12.[Cl-]
713.0,O=P1(c2ccccc2)c2cc(N(C)C)ccc2C(c2ccccc2C(F)(F)F)=C2C=CC(=[N+]3CCCC3)C=C12.[Cl-]
706.0,O=P1(c2ccccc2)c2cc(N(C)C)ccc2C(c2ccccc2OC)=C2C=CC(=[N+]3CCCC3)C=C12.[Cl-]
706.0,O=P1(c2ccccc2)c2cc(N(C)C)ccc2C(c2c(OC)cccc2OC)=C2C=CC(=[N+]3CCCC3)C=C12.[Cl-]
695.0,CCN(CC)c1ccc2c(-c3c(C(O)=O)cccc3)c3c([o+]c2c1)/C(=C/c1c2n(cccc2)c(C)n1)CCC3.[O-][Cl+3]([O-])([O-])[O-]
699.0,CCN(CC)c1ccc2c(-c3c(C(O)=O)cccc3)c3c([o+]c2c1)/C(=C/c1c2n(cccc2)c(C)n1)CCC3.[O-][Cl+3]([O-])([O-])[O-]
680.0,CCN(CC)c1ccc2c(-c3c(C(O)=O)cccc3)c3c([o+]c2c1)/C(=C/c1c2n(cccc2)c(C)n1)CCC3.[O-][Cl+3]([O-])([O-])[O-]
548.0,O=S(c1ccccc1[CH2+]1c2ccc(N3C4CCC3CC4)cc2Oc2c1ccc(N1C3CCC1CC3)c2)([O-])=O
550.0,CN(C)c1ccc2c(c1)Oc1c(ccc(N(C)C)c1)[CH2+]2c1ccccc1S(=O)([O-])=O
568.0,O=C(c1ccccc1-c1c2cc3c4c(c2[o+]c2c5c6c(cc12)CCCN6CCC5)CCCN4CCC3)O
567.0,O=C(c1ccccc1-c1c2cc3c4c(c2[o+]c2c5c6c(cc12)CCCN6CCC5)CCCN4CCC3)O
616.0,CN1C(C)(C)c2c(sc3c2cccc3)-c2c1cc1c(c2)C(c2ccc(S(=O)([O-])=O)cc2S(=O)(O)=O)=c2c(cc3c(c2)-c2c(c4c(s2)cccc4)C(C)(C)[N+]=3C)O1
613.0,CN1C(C)(c2ccccc2)c2c(sc3c2cccc3)-c2c1cc1c(c2)C(c2ccc(S(=O)(O)=O)cc2S(=O)([O-])=O)=c2c(cc3c(c2)-c2c(c4c(s2)cccc4)C(C)(c2ccccc2)[N+]=3C)O1
617.0,CN1C(C)(c2ccccc2)c2c(sc3c2cccc3)-c2c1cc1c(c2)C(c2ccc(S(=O)(O)=O)cc2S(=O)([O-])=O)=c2c(cc3c(c2)-c2c(c4c(s2)cccc4)C(C)(c2ccccc2)[N+]=3C)O1
634.0,CN1C(C)(c2ccccc2)c2c(c3c(cccc3)n2C)-c2c1cc1c(c2)C(c2ccc(S(=O)(O)=O)cc2S(=O)([O-])=O)=c2c(cc3c(c2)-c2c(n(C)c4c2cccc4)C(C)(c2ccccc2)[N+]=3C)O1
627.0,CN1C(C)(c2ccccc2)c2c(c3c(cccc3)n2C)-c2c1cc1c(c2)C(c2ccc(S(=O)(O)=O)cc2S(=O)([O-])=O)=c2c(cc3c(c2)-c2c(n(C)c4c2cccc4)C(C)(c2ccccc2)[N+]=3C)O1
634.0,C[Si]1(C)c2cc(N(C)C)ccc2C=C2C1=CC(=[N+](C)C)C=C2
646.0,C[Si]1(C)c2cc(N(C)C)ccc2C(c2c(C)cccc2)=C2C1=CC(=[N+](C)C)C=C2
635.0,C[Ge]1(C)c2cc(N(C)C)ccc2C(c2c(C)cccc2)=C2C1=CC(=[N+](C)C)C=C2
600.0,CN(C)c1ccc2c([te]c3cc(=[N+](C)C)ccc-3c2-c2c(C)cccc2)c1
674.0,C[Si]1(C)c2cc3c(cc2C(c2c(C)cccc2)=c2c1cc1c(c2)CCC[N+]=1C)CCCN3C
530.0,Cc1c(NCC)cc2oc3c/c(=[NH+]/CC)c(C)cc-3c(-c3c(C(OC)=O)cccc3)c2c1
553.0,CCN(CC)c1ccc2c(oc3cc(=[N+](CC)CC)ccc-3c2-c2c(C([O-])=O)cccc2)c1
574.0,O=C(c1ccccc1C1=c2c(c3c4c(c2)CCC[N+]=4CCC3)Oc2c1cc1c3c2CCCN3CCC1)[O-]
646.0,C[Si]1(C)c2cc(N(C)C)ccc2C(c2c(C)cccc2)=C2C1=CC(=[N+](C)C)C=C2
570.0,CCN(CC)c1ccc2c([o+]c3c(c2-c2c(C(O)=O)cccc2)CCC/C3=C\c2ccccc2O)c1
577.0,CCN(CC)c1ccc2c([o+]c3c(c2-c2c(C(O)=O)cccc2)CCC/C3=C\c2cccc(Cl)c2O)c1
581.0,CC[N+](CC)=c1ccc2c(-c3c(C(O)=O)cccc3)c3c(c4ccc(N)cc4o3)oc-2c1
572.0,CC[N+](CC)=c1ccc2c(-c3c(C(O)=O)cccc3)c3c(c4ccc(N)cc4o3)oc-2c1
581.0,CC[N+](CC)=c1ccc2c(-c3c(C(O)=O)cccc3)c3c(c4ccc(N)cc4o3)oc-2c1
587.0,CC[N+](CC)=c1ccc2c(-c3c(C(OCC)=O)cccc3)c3c(c4ccc(N)cc4o3)oc-2c1
590.0,CC[N+](CC)=c1ccc2c(-c3c(C(OCC)=O)cccc3)c3c(c4ccc(N)cc4o3)oc-2c1
588.0,CC[N+](CC)=c1ccc2c(-c3c(C(OCC)=O)cccc3)c3c(c4ccc(N)cc4o3)oc-2c1
597.0,CC[N+](CC)=c1ccc2cc3c(c4ccc(N)cc4o3)oc-2c1
588.0,CC[N+](CC)=c1ccc2cc3c(c4ccc(N)cc4o3)oc-2c1
583.0,CC[N+](CC)=c1ccc2cc3c(c4ccc(N)cc4o3)oc-2c1
658.0,CC[N+](CC)=c1ccc2c(C(F)(F)F)c3c(c4ccc(N)cc4o3)oc-2c1
528.5,CCCN(CCC)c1ccc2c(c1)OC1c3ccccc3CC1C21OC(=O)c2c1cccc2
528.0,CCCN(CCC)c1ccc2c(c1)OC1c3cc(C)ccc3CC1C21OC(=O)c2c1cccc2
534.5,CCCN(CCC)c1ccc2c(c1)OC1c3cc(Br)ccc3CC1C21OC(=O)c2c1cccc2
540.5,CCCN(CCC)c1ccc2c(c1)OC1c3ccccc3OC1C21OC(=O)c2c1cccc2
532.5,O=C1c2c(cccc2)C2(O1)C1C(c3ccccc3C1)Oc1cc(N(CCCC)CCCC)ccc12
533.0,O=C1c2c(cccc2)C2(O1)C1C(c3cc(C)ccc3C1)Oc1cc(N(CCCC)CCCC)ccc12
535.5,O=C1c2c(cccc2)C2(O1)C1C(c3cc(Br)ccc3C1)Oc1cc(N(CCCC)CCCC)ccc12
541.0,O=C1c2c(cccc2)C2(O1)C1C(c3ccccc3O1)Oc1cc(N(CCCC)CCCC)ccc12
575.0,CN1CC2N(CCC2)c2c1cc1c(c2)oc2cc(=[N+](CC)CC)ccc-2c1-c1c(C(O)=O)cccc1
586.0,CN1CC2N(CCC2)c2c1cc1c(c2)Oc2c(cc3c4c2CCC[N+]=4CCC3)=C1c1c(C(O)=O)cccc1
479.0,Nc1ccc2c(-c3ccccc3C([O-])=O)c3ccc(=[NH2+])cc-3oc2c1
530.0,CNc1ccc2c(-c3ccccc3C([O-])=O)c3cc/c(=[NH+]/C)cc-3oc2c1
548.0,CN(C)c1ccc2c(-c3ccccc3C([O-])=O)c3ccc(=[N+](C)C)cc-3oc2c1
521.0,CCNc1c(C)cc2c(c1)Oc1c(cc(C)c(NCC)c1)C2c1ccccc1C([O-])=O
554.0,CC[N+](CC)=c1ccc2c(-c3ccccc3C([O-])=O)c3ccc(N(CC)CC)cc3oc-2c1
539.0,CCNc1c(C)cc2c(-c3ccccc3C([O-])=O)c3ccc(=[N+](CC)CC)cc-3oc2c1
549.0,O=C(c1ccccc1-c1c2ccc(N3CCC3)cc2oc2cc(=[N+]3CCC3)ccc1-2)[O-]
553.0,O=C(c1ccccc1-c1c2ccc(N3CCCC3)cc2oc2cc(=[N+]3CCCC3)ccc1-2)[O-]
560.0,O=C(c1ccccc1-c1c2ccc(N3CCCCC3)cc2oc2cc(=[N+]3CCCCC3)ccc1-2)[O-]
560.0,O=C(c1ccccc1-c1c2ccc(N3CCCCCC3)cc2oc2cc(=[N+]3CCCCCC3)ccc1-2)[O-]
538.0,O=C(c1ccccc1C1c2cc3c(cc2Oc2c1cc1c(c2)NCCC1)NCCC3)[O-]
580.0,O=C(c1ccccc1C1c2cc3c4c(c2Oc2c1cc1c5c2CCCN5CCC1)CCCN4CCC3)[O-]
566.0,CCN(CC)c1ccc2c(c1)Oc1c(cc3c4c1CCCN4CCC3)C2c1ccccc1C([O-])=O
554.0,CCNc1c(C)cc2c(c1)Oc1c(cc3c4c1CCCN4CCC3)C2c1ccccc1C([O-])=O
565.0,[NH2+]=c1ccc2c(-c3ccccc3C([O-])=O)c3cc4c(cc3oc-2c1)N(CC)C1CCCCC1N4CC
570.0,CCN1c2c(cc3c(-c4ccccc4C([O-])=O)c4cc(C)/c(=[NH+]\CC)cc-4oc3c2)N(CC)C2C1CCCC2
584.0,CCN1c2c(cc3c(-c4ccccc4C([O-])=O)c4ccc(=[N+](CC)CC)cc-4oc3c2)N(CC)C2C1CCCC2
593.0,CCN1c2c(cc3c(c2)Oc2c(cc4c5c2CCC[N+]=5CCC4)=C3c2ccccc2C([O-])=O)N(CC)C2C1CCCC2
478.0,Nc1ccc2c(c1)Cc1c-2[o+]c2ccccc2c1-c1ccccc1C(O)=O
490.0,Nc1ccc2c(c1)Cc1c-2[o+]c2cc(OC)ccc2c1-c1ccccc1C(O)=O
522.0,Nc1ccc2c(c1)Cc1c-2[o+]c2cc(O)ccc2c1-c1ccccc1C(O)=O
557.0,Nc1ccc2c(c1)Cc1c-2[o+]c2cc(N(C)C)ccc2c1-c1ccccc1C(O)=O
484.0,Nc1ccc2c(c1)Cc1c-2[o+]c2cc(Cl)ccc2c1-c1ccccc1C(O)=O
582.0,Nc1ccc2c(c1)Cc1c-2[o+]c2cc3c4c(c2c1-c1ccccc1C(O)=O)CCCN4CCC3
564.0,Nc1ccc2c(c1)Cc1c-2[o+]c2cc(N(CC)CC)ccc2c1-c1ccccc1C(O)=O
540.0,Clc1ccc2c(c1)Cc1c-2[o+]c2cc(N(CC)CC)ccc2c1-c1ccccc1C(O)=O
524.0,CCN(CC)c1ccc2c(-c3ccccc3C(O)=O)c3c([o+]c2c1)-c1c(cccc1)C3
550.0,CCN(CC)c1ccc2c(-c3ccccc3C(O)=O)c3c([o+]c2c1)-c1c(cc(OC)cc1)C3
567.0,CCN(CC)c1ccc2c(-c3ccccc3C(O)=O)c3c([o+]c2c1)-c1c(cc(O)cc1)C3
573.0,CCN(CC)c1ccc2c(-c3ccccc3C(O)=O)c3c([o+]c2c1)-c1c(cc(NCC)cc1)C3
548.0,CN(C)c1c(-c2ccccc2)cc2c(-c3ccccc3C([O-])=O)c3ccc(=[N+](C)C)cc-3oc2c1
552.0,Nc1ccc2c(c1)C(C)(C)C1=CC(=[NH2+])C=CC1=C2c1ccccc1C(O)=O
612.0,CC1(C)c2cc(N(C)C)ccc2C(c2ccccc2C(O)=O)=C2C=CC(=[N+](C)C)C=C12
613.0,CC1(C)c2cc(N3CCCC3)ccc2C(c2ccccc2C(O)=O)=C2C=CC(=[N+]3CCCC3)C=C12
547.0,CN(C)c1ccc2cc3ccc(=[N+](C)C)cc-3oc2c1
634.0,CN(C)c1ccc2cc3ccc(=[N+](C)C)cc-3oc2c1
621.0,CN(C)c1ccc2c(c1)[Ge](C)(C)C1=CC(=[N+](C)C)C=CC1=C2
614.0,CN(C)c1ccc2c(c1)[Sn](C)(C)C1=CC(=[N+](C)C)C=CC1=C2
493.0,CN(C)c1ccc2cc3ccc(=[N+](C)C)cc-3[nH]c2c1
570.0,CCN(CC)c1ccc2c(-c3ccccc3C(O)=O)c3c([o+]c2c1)/C(=C/c1ccc(O)cc1)CCC3
577.0,CCN(CC)c1ccc2c(-c3ccccc3C(O)=O)c3c([o+]c2c1)/C(=C/c1ccc(O)c(Cl)c1)CCC3
400.0,CC1(C)c2c(cccc2)[N+](CCCCS(=O)([O-])=O)=C1/C=C/c1ccc(Oc2c([N+]([O-])=O)cc([N+]([O-])=O)cc2)c(/C=C/C2=[N+](CCCCS(=O)([O-])=O)c3c(cccc3)C2(C)C)c1
475.0,CC1(C)c2c(cccc2)N(CCCCS(=O)([O-])=O)/C1=C/C=C1/C=C(/C=C/C2=[N+](CCCCS(=O)([O-])=O)c3c(cccc3)C2(C)C)C(=O)C=C1
530.0,CCN1/C(=C/C=C2\CCC/C(=C\C=C3\N(CC)c4ccccc4C3(C)C)C2=O)C(C)(C)c2c1cccc2
535.0,CC1(C)C(/C=C/C=C2/C(CC)c3ccccc3C2(C)C)N(CC)c2c1cccc2
635.0,CC1(C)C(/C=C/C=C/C=C2/N(C)c3ccccc3C2(C)C)N(C)c2c1cccc2
675.0,CC1(C)C(/C=C/C=C/C=C2/N(C)c3ccc4c(cccc4)c3C2(C)C)N(C)c2c1c1ccccc1cc2
637.0,C[N+]1=C(/C=C/C=C/C=C2/N(C)c3ccccc3C2(C)C)C(C)(C)c2c1cccc2
638.0,CC1(C)c2c(ccc(S(=O)(O)=O)c2)N/C1=C/C=C/C=C/C1=[NH+]c2c(cc(S(=O)([O-])=O)cc2)C1(C)C
642.0,CC1(C)c2c(ccc(S(=O)(O)=O)c2)N/C1=C/C=C(Cl)/C=C/C1=[NH+]c2c(cc(S(=O)([O-])=O)cc2)C1(C)C.[Br]
639.0,CC1(C)c2c(ccc(S(=O)(O)=O)c2)N/C1=C/C=C(Br)/C=C/C1=[NH+]c2c(cc(S(=O)([O-])=O)cc2)C1(C)C
645.0,CC1(C)/C(=C\C=C\C=C\C2=[N+](CC)c3ccc(S(=O)([O-])=O)cc3C2(C)C)Nc2c1cc(CC([O-])=O)cc2
480.0,CC1(C)C(/C=C/C=C/C=C2/N(CC)c3ccc(S(=O)([O-])=O)cc3C2(C)C)=Nc2c1cc(CC([O-])=O)cc2
506.0,CC1(C)c2c(ccc(S(=O)([O-])=O)c2)N(CCCCCC([O-])=O)/C1=C/C=C(Cl)/C=C/C1=Nc2c(cc([S+]([O])([O-])=O)cc2)C1(C)C
390.0,CC1(C)c2c(cccc2)[N+](CCCCS(=O)([O-])=O)=C1/C=C/c1ccc(OS(c2ccc([N+]([O-])=O)cc2[N+]([O-])=O)(=O)=O)c(/C=C/C2=[N+](CCCCS(=O)([O-])=O)c3c(cccc3)C2(C)C)c1
785.0,CC1(C)C(/C=C/C2=C(Cl)/C(=C/C=C3/N(CCCCCC(O)=O)c4ccccc4C3(C)C)CCC2)=[N+](CCCCCC(O)=O)c2c1cccc2
435.0,Oc1c(/C=C/c2[n+](CC)c3ccccc3s2)cc(C)cc1-c1nc2ccccc2s1.[I-]
423.0,Oc1c(/C=C/c2[n+](CC)c3ccccc3s2)cc(C)cc1-c1nc2ccccc2s1.[I-]
423.0,Oc1c(/C=C/c2[n+](CC)c3ccccc3s2)cc(C)cc1-c1nc2ccccc2s1.[I-]
384.0,Oc1c(/C=C/c2[n+](CC)c3ccccc3s2)cc(C)cc1-c1nc2ccccc2s1.[I-]
764.0,CC1(C)C(/C=C/C=C/C=C/C=C2\C(C)(C)c3ccccc3N2CCCC)=[N+](CCCC)c2c1cccc2
769.0,CC1(C)C(/C=C/C=C/C=C/C=C2\C(C)(C)c3ccccc3N2CCCC)=[N+](CCCC)c2c1cc(O)cc2
774.0,CC1(C)C(/C=C/C=C/C=C/C=C2\C(C)(C)c3ccccc3N2CCCC)=[N+](CCCC)c2c1cc(I)cc2
779.0,CC1(C)C(/C=C/C2=C(Cl)/C(=C/C=C3/N(C)c4ccccc4C3(C)C)CCC2)=[N+](C)c2c1cccc2.[I-]
781.0,CC1(C)C(/C=C/C2=C(Cl)/C(=C/C=C3/N(CC)c4ccccc4C3(C)C)CCC2)=[N+](CC)c2c1cccc2.[I-]
781.0,CC1(C)C(/C=C/C2=C(Cl)/C(=C/C=C3/N(CCC)c4ccccc4C3(C)C)CCC2)=[N+](CCC)c2c1cccc2.[I-]
782.0,CC1(C)C(/C=C/C2=C(Cl)/C(=C/C=C3/N(CCO)c4ccccc4C3(C)C)CCC2)=[N+](CCO)c2c1cccc2.[I-]
785.0,CC1(C)C(/C=C/C2=C(Cl)/C(=C/C=C3/N(CCCC(O)=O)c4ccccc4C3(C)C)CCC2)=[N+](CCCC(O)=O)c2c1cccc2.[I-]
818.0,CC1(C)C(/C=C/C2=C(Cl)/C(=C/C=C3/N(C)c4ccc5c(cccc5)c4C3(C)C)CCC2)=[N+](C)c2c1c1ccccc1cc2.[I-]
820.0,CC1(C)C(/C=C/C2=C(Cl)/C(=C/C=C3/N(CC)c4ccc5c(cccc5)c4C3(C)C)CCC2)=[N+](CC)c2c1c1ccccc1cc2.[I-]
823.0,CC1(C)C(/C=C/C2=C(Cl)/C(=C/C=C3/N(CCCC)c4ccc5c(cccc5)c4C3(C)C)CCC2)=[N+](CCCC)c2c1c1ccccc1cc2.[I-]
781.0,CC1(C)C(/C=C/C2=C(Cl)/C(=C/C=C3/N(CCC(C)C)c4ccccc4C3(C)C)CCC2)=[N+](CCC(C)C)c2c1cccc2
804.0,CC1(C)C(/C=C/C2=C(Cl)/C(=C/C=C3/N(C)c4ccc(/C=C/C(F)(F)C(F)(F)C(F)(F)C(F)(F)F)cc4C3(C)C)CCC2)=[N+](C)c2c1cc(/C=C/C(F)(F)C(F)(F)C(F)(F)C(F)(F)F)cc2
883.0,CCN(CC)C1=CC2[O+]=C3C(=C(Oc4ccc(C(O)=O)cc4)C2C=C1)CCC/C3=C\C1=C2C(=Cc3ccc(N(CC)CC)cc3O2)CCC1.[O-][Cl+3]([O-])([O-])[O-]
981.0,CCN(CC)C1=CC2[O+]=C3C(=CC2C=C1)CCC/C3=C\C=C\C1=C2C(=Cc3ccc(N(CC)CC)cc3O2)CCC1.[O-][Cl+3]([O-])([O-])[O-]
1089.0,CCN(CC)C1=CC2[O+]=C3C(=CC2C=C1)CCC/C3=C\C=C\C=C\C1=C2C(=Cc3ccc(N(CC)CC)cc3O2)CCC1.[O-][Cl+3]([O-])([O-])[O-]
693.0,CC1(C)C(/C=C/C=C/C=C2/C(C)(C)c3c4ccccc4ccc3N2CC)=[N+](CC)c2ccc3c(cccc3)c21.[I-]
684.0,CC1(C)C(/C=C/C=C/C=C2/C(C)(C)c3c4ccccc4ccc3N2CC)=[N+](CC)c2ccc3c(cccc3)c21.[I-]
682.0,CC1(C)C(/C=C/C=C/C=C2/C(C)(C)c3c4ccccc4ccc3N2CC)=[N+](CC)c2ccc3c(cccc3)c21.[I-]
683.0,CC1(C)C(/C=C/C=C/C=C2/C(C)(C)c3c4ccccc4ccc3N2CC)=[N+](CC)c2ccc3c(cccc3)c21.[I-]
686.0,CC1(C)C(/C=C/C=C/C=C2/C(C)(C)c3c4ccccc4ccc3N2CC)=[N+](CC)c2ccc3c(cccc3)c21.[I-]
695.0,CC1(C)C(/C=C/C=C/C=C2/C(C)(C)c3c4ccccc4ccc3N2CCCC)=[N+](CCCC)c2ccc3c(cccc3)c21.[I-]
684.0,CC1(C)C(/C=C/C=C/C=C2/C(C)(C)c3c4ccccc4ccc3N2CCCC)=[N+](CCCC)c2ccc3c(cccc3)c21.[I-]
682.0,CC1(C)C(/C=C/C=C/C=C2/C(C)(C)c3c4ccccc4ccc3N2CCCC)=[N+](CCCC)c2ccc3c(cccc3)c21.[I-]
681.0,CC1(C)C(/C=C/C=C/C=C2/C(C)(C)c3c4ccccc4ccc3N2CCCC)=[N+](CCCC)c2ccc3c(cccc3)c21.[I-]
685.0,CC1(C)C(/C=C/C=C/C=C2/C(C)(C)c3c4ccccc4ccc3N2CCCC)=[N+](CCCC)c2ccc3c(cccc3)c21.[I-]
686.0,CC1(C)C(/C=C/C=C/C=C2/C(C)(C)c3c4ccccc4ccc3N2CCCC)=[N+](CCCC)c2ccc3c(cccc3)c21.[I-]
689.0,CC1(C)C(/C=C/C=C/C=C2/C(C)(C)c3c4ccccc4ccc3N2CCCC)=[N+](CCCC)c2ccc3c(cccc3)c21.[I-]
697.0,CC1(C)C(/C=C/C=C/C=C2/C(C)(C)c3c4ccc(Br)cc4ccc3N2CC)=[N+](CC)c2ccc3c(ccc(Br)c3)c21.[I-]
683.0,CC1(C)C(/C=C/C=C/C=C2/C(C)(C)c3c4ccc(Br)cc4ccc3N2CC)=[N+](CC)c2ccc3c(ccc(Br)c3)c21.[I-]
682.0,CC1(C)C(/C=C/C=C/C=C2/C(C)(C)c3c4ccc(Br)cc4ccc3N2CC)=[N+](CC)c2ccc3c(ccc(Br)c3)c21.[I-]
681.0,CC1(C)C(/C=C/C=C/C=C2/C(C)(C)c3c4ccc(Br)cc4ccc3N2CC)=[N+](CC)c2ccc3c(ccc(Br)c3)c21.[I-]
685.0,CC1(C)C(/C=C/C=C/C=C2/C(C)(C)c3c4ccc(Br)cc4ccc3N2CC)=[N+](CC)c2ccc3c(ccc(Br)c3)c21.[I-]
686.0,CC1(C)C(/C=C/C=C/C=C2/C(C)(C)c3c4ccc(Br)cc4ccc3N2CC)=[N+](CC)c2ccc3c(ccc(Br)c3)c21.[I-]
689.0,CC1(C)C(/C=C/C=C/C=C2/C(C)(C)c3c4ccc(Br)cc4ccc3N2CC)=[N+](CC)c2ccc3c(ccc(Br)c3)c21.[I-]
699.0,CC1(C)C(/C=C/C=C/C=C2/C(C)(C)c3c4ccc(Br)cc4ccc3N2CC)=[N+](CC)c2ccc3c(ccc(Br)c3)c21.[I-]
685.0,CC1(C)C(/C=C/C=C/C=C2/C(C)(C)c3c4ccc(Br)cc4ccc3N2CC)=[N+](CC)c2ccc3c(ccc(Br)c3)c21.[I-]
685.0,CC1(C)C(/C=C/C=C/C=C2/C(C)(C)c3c4ccc(Br)cc4ccc3N2CC)=[N+](CC)c2ccc3c(ccc(Br)c3)c21.[I-]
683.0,CC1(C)C(/C=C/C=C/C=C2/C(C)(C)c3c4ccc(Br)cc4ccc3N2CC)=[N+](CC)c2ccc3c(ccc(Br)c3)c21.[I-]
688.0,CC1(C)C(/C=C/C=C/C=C2/C(C)(C)c3c4ccc(Br)cc4ccc3N2CC)=[N+](CC)c2ccc3c(ccc(Br)c3)c21.[I-]
682.0,CC1(C)C(/C=C/C=C/C=C2/C(C)(C)c3c4ccc(Br)cc4ccc3N2CC)=[N+](CC)c2ccc3c(ccc(Br)c3)c21.[I-]
689.0,CC1(C)C(/C=C/C=C/C=C2/C(C)(C)c3c4ccc(Br)cc4ccc3N2CC)=[N+](CC)c2ccc3c(ccc(Br)c3)c21.[I-]
692.0,CC1(C)C(/C=C/C=C/C=C2/C(C)(C)c3c4ccc(Br)cc4ccc3N2CC)=[N+](CC)c2ccc3c(ccc(Br)c3)c21.[I-]
761.0,CC1(C)C(/C=C/C=C/C=C/C=C2/N(CCCCS(=O)(O[K])=O)c3ccc(C(O)=O)cc3C2(C)C)=[N+](CC)c2c1c1c(cc2)c(S(=O)(O[K])=O)cc(S(=O)([O-])=O)c1
750.0,CC1(C)C(/C=C/C=C/C=C/C=C2/N(CCCCS(=O)(O[K])=O)c3ccc(C(O)=O)cc3C2(C)C)=[N+](CCCCS(=O)([O-])=O)c2c1c1c(cc2)cc(S(=O)(O[K])=O)cc1
778.0,CC1(C)C(/C=C/C2=C(Cl)/C(=C/C=C3/N(CC)c4ccc(S(=O)(O)=O)cc4C3(C)C)CCC2)=[N+](CC)c2ccc(S(=O)([O-])=O)cc21
785.0,CC1(C)C(/C=C/C2=C(Cl)/C(=C/C=C3/N(CC)c4ccc(S(=O)(O)=O)cc4C3(C)C)CCC2)=[N+](CC)c2ccc(S(=O)([O-])=O)cc21
790.0,CC1(C)C(/C=C/C2=C(Cl)/C(=C/C=C3/N(CC)c4ccc(S(=O)(O)=O)cc4C3(C)C)CCC2)=[N+](CC)c2ccc(S(=O)([O-])=O)cc21
801.0,CC1(C)C(/C=C/C2=C(Cl)/C(=C/C=C3/N(CC)c4ccc(S(=O)(O)=O)cc4C3(C)C)CCC2)=[N+](CC)c2ccc(S(=O)([O-])=O)cc21
805.0,CC1(C)C(/C=C/C2=C(Cl)/C(=C/C=C3/N(CC)c4ccc(S(=O)(O)=O)cc4C3(C)C)CCC2)=[N+](CC)c2ccc(S(=O)([O-])=O)cc21
783.0,CC1(C)C(/C=C/C2=C(Cl)/C(=C/C=C3/N(Cc4ccccc4)c4ccc(S(=O)(O)=O)cc4C3(C)C)CCC2)=[N+](Cc2ccccc2)c2ccc(S(=O)([O-])=O)cc21
791.0,CC1(C)C(/C=C/C2=C(Cl)/C(=C/C=C3/N(Cc4ccccc4)c4ccc(S(=O)(O)=O)cc4C3(C)C)CCC2)=[N+](Cc2ccccc2)c2ccc(S(=O)([O-])=O)cc21
796.0,CC1(C)C(/C=C/C2=C(Cl)/C(=C/C=C3/N(Cc4ccccc4)c4ccc(S(=O)(O)=O)cc4C3(C)C)CCC2)=[N+](Cc2ccccc2)c2ccc(S(=O)([O-])=O)cc21
807.0,CC1(C)C(/C=C/C2=C(Cl)/C(=C/C=C3/N(Cc4ccccc4)c4ccc(S(=O)(O)=O)cc4C3(C)C)CCC2)=[N+](Cc2ccccc2)c2ccc(S(=O)([O-])=O)cc21
811.0,CC1(C)C(/C=C/C2=C(Cl)/C(=C/C=C3/N(Cc4ccccc4)c4ccc(S(=O)(O)=O)cc4C3(C)C)CCC2)=[N+](Cc2ccccc2)c2ccc(S(=O)([O-])=O)cc21
686.0,CC1(C)C(/C=C/C2=C(Nc3ccc(OC)cc3)/C(=C/C=C3/N(Cc4ccccc4)c4ccc(S(=O)(O)=O)cc4C3(C)C)CCC2)=[N+](Cc2ccccc2)c2ccc(S(=O)([O-])=O)cc21
689.0,CC1(C)C(/C=C/C2=C(Nc3ccc(OC)cc3)/C(=C/C=C3/N(Cc4ccccc4)c4ccc(S(=O)(O)=O)cc4C3(C)C)CCC2)=[N+](Cc2ccccc2)c2ccc(S(=O)([O-])=O)cc21
694.0,CC1(C)C(/C=C/C2=C(Nc3ccc(OC)cc3)/C(=C/C=C3/N(Cc4ccccc4)c4ccc(S(=O)(O)=O)cc4C3(C)C)CCC2)=[N+](Cc2ccccc2)c2ccc(S(=O)([O-])=O)cc21
709.0,CC1(C)C(/C=C/C2=C(Nc3ccc(OC)cc3)/C(=C/C=C3/N(Cc4ccccc4)c4ccc(S(=O)(O)=O)cc4C3(C)C)CCC2)=[N+](Cc2ccccc2)c2ccc(S(=O)([O-])=O)cc21
712.0,CC1(C)C(/C=C/C2=C(Nc3ccc(OC)cc3)/C(=C/C=C3/N(Cc4ccccc4)c4ccc(S(=O)(O)=O)cc4C3(C)C)CCC2)=[N+](Cc2ccccc2)c2ccc(S(=O)([O-])=O)cc21
786.0,CC1(C)C(/C=C/C2=C(SCC(O)=O)/C(=C/C=C3/N(Cc4ccccc4)c4ccc(S(=O)(O)=O)cc4C3(C)C)CCC2)=[N+](Cc2ccccc2)c2ccc(S(=O)([O-])=O)cc21
789.0,CC1(C)C(/C=C/C2=C(SCC(O)=O)/C(=C/C=C3/N(Cc4ccccc4)c4ccc(S(=O)(O)=O)cc4C3(C)C)CCC2)=[N+](Cc2ccccc2)c2ccc(S(=O)([O-])=O)cc21
795.0,CC1(C)C(/C=C/C2=C(SCC(O)=O)/C(=C/C=C3/N(Cc4ccccc4)c4ccc(S(=O)(O)=O)cc4C3(C)C)CCC2)=[N+](Cc2ccccc2)c2ccc(S(=O)([O-])=O)cc21
804.0,CC1(C)C(/C=C/C2=C(SCC(O)=O)/C(=C/C=C3/N(Cc4ccccc4)c4ccc(S(=O)(O)=O)cc4C3(C)C)CCC2)=[N+](Cc2ccccc2)c2ccc(S(=O)([O-])=O)cc21
815.0,CC1(C)C(/C=C/C2=C(SCC(O)=O)/C(=C/C=C3/N(Cc4ccccc4)c4ccc(S(=O)(O)=O)cc4C3(C)C)CCC2)=[N+](Cc2ccccc2)c2ccc(S(=O)([O-])=O)cc21
794.0,CC1(C)C(/C=C/C2=C(Sc3ccccc3)/C(=C/C=C3/N(Cc4ccccc4)c4ccc(S(=O)(O)=O)cc4C3(C)C)CCC2)=[N+](Cc2ccccc2)c2ccc(S(=O)([O-])=O)cc21
795.0,CC1(C)C(/C=C/C2=C(Sc3ccc(N)cc3)/C(=C/C=C3/N(Cc4ccccc4)c4ccc(S(=O)(O)=O)cc4C3(C)C)CCC2)=[N+](Cc2ccccc2)c2ccc(S(=O)([O-])=O)cc21
798.0,CC1(C)C(/C=C/C2=C(Sc3ccc(NC(C)=O)cc3)/C(=C/C=C3/N(Cc4ccccc4)c4ccc(S(=O)(O)=O)cc4C3(C)C)CCC2)=[N+](Cc2ccccc2)c2ccc(S(=O)([O-])=O)cc21
783.0,CC1(C)C(/C=C/C=C/C=C/C=C2\N(CCCCS(=O)(O[Na])=O)c3ccc4c(cccc4)c3C2(C)C)=[N+](CCCCS(=O)([O-])=O)c2ccc3c(cccc3)c21
818.0,CC1(C)C(/C=C/C2=C(Cl)/C(=C/C=C3\N(CCCCS(=O)(O[Na])=O)c4ccc5c(cccc5)c4C3(C)C)CCC2)=[N+](CCCCS(=O)([O-])=O)c2ccc3c(cccc3)c21
777.0,CC1(C)C(/C=C/C=C/C=C/C=C2\N(C)c3ccc4c(cccc4)c3C2(C)C)=[N+](C)c2ccc3c(cccc3)c21.[O-][Cl+3]([O-])([O-])[O-]
815.0,CC1(C)C(/C=C/C2=C(Cl)/C(=C/C=C3\N(C)c4ccc5c(cccc5)c4C3(C)C)CCC2)=[N+](C)c2ccc3c(cccc3)c21.[O-][Cl+3]([O-])([O-])[O-]
620.0,CN(C)c1ccc(/C=C/C=C/c2[n+](CC)c3c(cccc3)s2)cc1
636.0,CN(C)c1ccc(/C=C/C=C/c2[n+](Cc3ccccc3)c3c(cccc3)s2)cc1
541.0,CN(C)c1ccc(/C=C/C=C/c2[n+](Cc3ccccc3)c3c(cccc3)s2)cc1
819.0,Cc1c2cc(OC)ccn2c(/C=C/C=C/C=C2/[n+]3ccc(OC)cc3C(C)=C2c2ccccc2)c1-c1ccccc1
838.0,Cc1c2cc(OC)ccn2c(/C=C/C=C/C=C2/[n+]3ccc(OC)cc3C(C)=C2c2ccccc2)c1-c1ccccc1
823.0,Cc1c2cc(OC)ccn2c(/C=C/C=C/C=C2/[n+]3ccc(OC)cc3C(C)=C2c2ccccc2)c1-c1ccccc1
797.0,CC1(C)C(/C=C/C=C/C=C/C=C2\N(CCCCS(=O)([O-])=O)c3ccc4c(cccc4)c3C2(C)C)=[N+](CCCCS(=O)([O-])=O)c2c1c1ccccc1cc2.[Na+]
410.0,Oc1c(/C=C/c2[n+](CC)c3ccccc3s2)cc(C)cc1-c1nc2c(o1)cccc2.[I-]
415.0,Oc1c(/C=C/c2[n+](CC)c3ccccc3s2)cc(C)cc1-c1nc2c(o1)cccc2.[I-]
409.0,Oc1c(/C=C/c2[n+](CC)c3ccccc3s2)cc(C)cc1-c1nc2c(o1)cccc2.[I-]
403.0,Oc1c(/C=C/c2[n+](CC)c3ccccc3s2)cc(C)cc1-c1nc2c(o1)cccc2.[I-]
417.0,Oc1c(/C=C/c2[n+](CC)c3ccccc3s2)cc(C)cc1-c1nc2c(o1)ccc(C(C)(C)C)c2.[I-]
418.0,Oc1c(/C=C/c2[n+](CC)c3ccccc3s2)cc(C)cc1-c1nc2c(o1)ccc(C(C)(C)C)c2.[I-]
420.0,Oc1c(/C=C/c2[n+](CC)c3ccccc3s2)cc(C)cc1-c1nc2c(o1)ccc(C(C)(C)C)c2.[I-]
420.0,Oc1c(/C=C/c2[n+](CC)c3ccccc3s2)cc(C)cc1-c1nc2c(o1)ccc(C(C)(C)C)c2.[I-]
432.0,Oc1c(/C=C/C2=[N+](CC)c3ccccc3C2(C)C)cc(C)cc1-c1nc2c(o1)cccc2.[I-]
443.0,Oc1c(/C=C/C2=[N+](CC)c3ccccc3C2(C)C)cc(C)cc1-c1nc2c(o1)cccc2.[I-]
443.0,Oc1c(/C=C/C2=[N+](CC)c3ccccc3C2(C)C)cc(C)cc1-c1nc2c(o1)cccc2.[I-]
443.0,Oc1c(/C=C/C2=[N+](CC)c3ccccc3C2(C)C)cc(C)cc1-c1nc2c(o1)cccc2.[I-]
680.0,CC1(C)C(/C=C/C=C/C=C2/N(CCCCCC(O)=O)c3cc4ccccc4cc3C2(C)C)=[N+](CCCCNC(c2cc(N(CCS(=O)([O-])=O)CCS(=O)(O)=O)cc(NCCS(=O)(O)=O)c2)=O)c2ccc3c(cccc3)c21
688.0,CC1(C)C(/C=C/C=C/C=C2/N(CCCCCC(O)=O)c3cc4ccccc4cc3C2(C)C)=[N+](CCCS(=O)([O-])=O)c2ccc3c(cccc3)c21
679.0,CC1(C)C(/C=C/C=C/C=C2/N(CCCCCC(NCC(S(=O)(O)=O)C(NCC(S(=O)(O)=O)C(O)=O)=O)=O)c3cc4ccccc4cc3C2(C)C)=[N+](CCCS(=O)([O-])=O)c2ccc3c(cccc3)c21
1046.0,ClC1=C(/C=C/C2=[N+](CCCCS(=O)([O-])=O)c3cccc4cccc2c34)CCC/C1=C\C=c1\n(CCCCS(=O)([O-])=O)c2cccc3cccc1c23.[Na+]
1039.0,ClC1=C(/C=C/C2=[N+](CCCCS(=O)([O-])=O)c3cccc4cccc2c34)CCC/C1=C\C=c1\n(CCCCS(=O)([O-])=O)c2cccc3cccc1c23.[Na+]
1041.0,ClC1=C(/C=C/C(c2c(-c3ccccc3)n(CCCCS(=O)([O-])=O)c3c2cccc3)=C2/c3ccccc3[N+](CCCCS(=O)([O-])=O)=C2c2ccccc2)CC/C1=C\C=C(c1c(-c2ccccc2)n(CCCCS(=O)([O-])=O)c2ccccc12)c1c(-c2ccccc2)n(CCCCS(=O)([O-])=O)c2c1cccc2.[Na+].[Na+].[Na+]
1021.0,ClC1=C(/C=C/C(c2c(-c3ccccc3)n(CCCCS(=O)([O-])=O)c3c2cccc3)=C2/c3ccccc3[N+](CCCCS(=O)([O-])=O)=C2c2ccccc2)CCC/C1=C\C=C(c1c(-c2ccccc2)n(CCCCS(=O)([O-])=O)c2ccccc12)c1c(-c2ccccc2)n(CCCCS(=O)([O-])=O)c2c1cccc2.[Na+].[Na+].[Na+]
1035.0,ClC1=C(/C=C/C(c2c(-c3ccccc3)n(CCCCS(=O)([O-])=O)c3c2cc2c(c3)OCO2)=C2/c3cc4c(cc3[N+](CCCCS(=O)([O-])=O)=C2c2ccccc2)OCO4)CCC/C1=C\C=C(c1c(-c2ccccc2)n(CCCCS(=O)([O-])=O)c2cc3c(cc12)OCO3)c1c(-c2ccccc2)n(CCCCS(=O)([O-])=O)c2c1cc1c(c2)OCO1.[Na+].[Na+].[Na+]
1052.0,ClC1=C(/C=C/C(c2c(-c3ccccc3)n(CCCCS(=O)([O-])=O)c3c2cc2c(c3)OCO2)=C2/c3cc4c(cc3[N+](CCCCS(=O)([O-])=O)=C2c2ccccc2)OCO4)CC/C1=C\C=C(c1c(-c2ccccc2)n(CCCCS(=O)([O-])=O)c2cc3c(cc12)OCO3)c1c(-c2ccccc2)n(CCCCS(=O)([O-])=O)c2c1cc1c(c2)OCO1.[Na+].[Na+].[Na+]
905.0,O=C1C(/C=C/c2c3ccc(N(CCCC)CCCC)cc3[s+]c(-c3ccc(OC)cc3)c2)=C/C(=C\C=C2\c3ccc(N(CCCC)CCCC)cc3SC(c3ccc(OC)cc3)=C2)C=C1.[O-][Cl+3]([O-])([O-])[O-]
1026.0,CN(C)c1cc2[o+]c(-c3ccccc3)cc(/C=C/C3=C(Cl)/C(=C/C=C4/c5ccc(N(C)C)cc5OC(c5ccccc5)=C4)CCC3)c2cc1.[O-][Cl+3]([O-])([O-])[O-]
1026.0,CN(C)c1cc2[o+]c(-c3ccccc3)cc(/C=C/C3=C(SCCC(O)=O)/C(=C/C=C4/c5ccc(N(C)C)cc5OC(c5ccccc5)=C4)CCC3)c2cc1.[O-][Cl+3]([O-])([O-])[O-]
883.0,CCN(CC)c1cc2c(c(-c3ccc(C(O)=O)cc3)c3c([o+]2)/C(=C/C2=C4C(=Cc5ccc(N(CC)CC)cc5O4)CCC2)CCC3)cc1.[O-][Cl+3]([O-])([O-])[O-]
981.0,CCN(CC)c1cc2c(cc3c([o+]2)/C(=C/C=C/C2=C4C(=Cc5ccc(N(CC)CC)cc5O4)CCC2)CCC3)cc1.[O-][Cl+3]([O-])([O-])[O-]
1089.0,CCN(CC)c1cc2c(cc3c([o+]2)/C(=C/C=C\C=C\C2=C4C(=Cc5ccc(N(CC)CC)cc5O4)CCC2)CCC3)cc1.[O-][Cl+3]([O-])([O-])[O-]
649.0,CC1(C)C(/C=C/C=C/C=C2/N(CC)c3ccc(S(=O)([O-])=O)cc3C2(C)C)=[N+](CCCCCC(O)=O)c2ccc(S(=O)([O-])=O)cc21
675.0,CC1(C)C(/C=C/C=C/C=C2/N(CC)c3ccc4c(cc(S(=O)([O-])=O)cc4S(=O)([O-])=O)c3C2(C)C)=[N+](CCCCCC(O)=O)c2ccc3c(cc(S(=O)([O-])=O)cc3S(=O)([O-])=O)c21
408.0,CC[n+]1c(/C=C2/N(CC)c3c(ccc(Cl)c3)S2)sc2ccc(Cl)cc12.[Cl-]
400.0,CCN1/C(=C/c2[n+](CCCCN)c3cc(Cl)ccc3s2)Sc2c1cc(Cl)cc2.[Cl-]
428.0,Clc1cc2c(cc1)S/C(=C\c1[n+](CCCCN)c3cc(Cl)ccc3s1)N2CCCCN.[Cl-]
756.0,CC1(C)c2ccccc2N(C)/C1=C/C=C1\CC(C2CC(/C=C/C3=C(C#N)C(=C(C#N)C#N)OC3(C)C)=C(Cl)/C(=C/C=C3/C(C#N)=C([C-](C#N)C#N)OC3(C)C)C2)CC(/C=C/C2=[N+](C)c3ccccc3C2(C)C)=C1Cl
767.0,CC1(C)c2ccccc2N(C)/C1=C/C=C1\CC(C2CC(/C=C/C3=C(C#N)C(=C(C#N)C#N)OC3(C)C)=C(Cl)/C(=C/C=C3/C(C#N)=C([C-](C#N)C#N)OC3(C)C)C2)CC(/C=C/C2=[N+](C)c3ccccc3C2(C)C)=C1Cl
760.0,CC1(C)c2ccccc2N(C)/C1=C/C=C1\CC(C2CC(/C=C/C3=C(C#N)C(=C(C#N)C#N)OC3(C)C)=C(Cl)/C(=C/C=C3/C(C#N)=C([C-](C#N)C#N)OC3(C)C)C2)CC(/C=C/C2=[N+](C)c3ccccc3C2(C)C)=C1Cl
757.0,CC1(C)c2ccccc2N(C)/C1=C/C=C1\CC(C2CC(/C=C/C3=C(C#N)C(=C(C#N)C#N)OC3(C)C)=C(Cl)/C(=C/C=C3/C(C#N)=C([C-](C#N)C#N)OC3(C)C)C2)CC(/C=C/C2=[N+](C)c3ccccc3C2(C)C)=C1Cl
754.0,CC1(C)c2ccccc2N(C)/C1=C/C=C1\CC(C2CC(/C=C/C3=C(C#N)C(=C(C#N)C#N)OC3(C)C)=C(Cl)/C(=C/C=C3/C(C#N)=C([C-](C#N)C#N)OC3(C)C)C2)CC(/C=C/C2=[N+](C)c3ccccc3C2(C)C)=C1Cl
755.0,CC1(C)c2ccccc2N(C)/C1=C/C=C1\CC(C2CC(/C=C/C3=C(C#N)C(=C(C#N)C#N)OC3(C)C)=C(Cl)/C(=C/C=C3/C(C#N)=C([C-](C#N)C#N)OC3(C)C)C2)CC(/C=C/C2=[N+](C)c3ccccc3C2(C)C)=C1Cl
779.0,CC1(C)c2ccccc2N(C)/C1=C/C=C1\CC(C2CC(/C=C/C3=C(C#N)C(=C(C#N)C#N)OC3(C)C)=C(Cl)/C(=C/C=C3/C(C#N)=C([C-](C#N)C#N)OC3(C)C)C2)CC(/C=C/C2=[N+](C)c3ccccc3C2(C)C)=C1Cl
913.0,CC1(C)c2ccccc2N(C)/C1=C/C=C1\CC(C2CC(/C=C/C3=C(C#N)C(=C(C#N)C#N)OC3(C)C)=C(Cl)/C(=C/C=C3/C(C#N)=C([C-](C#N)C#N)OC3(C)C)C2)CC(/C=C/C2=[N+](C)c3ccccc3C2(C)C)=C1Cl
922.0,CC1(C)c2ccccc2N(C)/C1=C/C=C1\CC(C2CC(/C=C/C3=C(C#N)C(=C(C#N)C#N)OC3(C)C)=C(Cl)/C(=C/C=C3/C(C#N)=C([C-](C#N)C#N)OC3(C)C)C2)CC(/C=C/C2=[N+](C)c3ccccc3C2(C)C)=C1Cl
919.0,CC1(C)c2ccccc2N(C)/C1=C/C=C1\CC(C2CC(/C=C/C3=C(C#N)C(=C(C#N)C#N)OC3(C)C)=C(Cl)/C(=C/C=C3/C(C#N)=C([C-](C#N)C#N)OC3(C)C)C2)CC(/C=C/C2=[N+](C)c3ccccc3C2(C)C)=C1Cl
911.0,CC1(C)c2ccccc2N(C)/C1=C/C=C1\CC(C2CC(/C=C/C3=C(C#N)C(=C(C#N)C#N)OC3(C)C)=C(Cl)/C(=C/C=C3/C(C#N)=C([C-](C#N)C#N)OC3(C)C)C2)CC(/C=C/C2=[N+](C)c3ccccc3C2(C)C)=C1Cl
898.0,CC1(C)c2ccccc2N(C)/C1=C/C=C1\CC(C2CC(/C=C/C3=C(C#N)C(=C(C#N)C#N)OC3(C)C)=C(Cl)/C(=C/C=C3/C(C#N)=C([C-](C#N)C#N)OC3(C)C)C2)CC(/C=C/C2=[N+](C)c3ccccc3C2(C)C)=C1Cl
898.0,CC1(C)c2ccccc2N(C)/C1=C/C=C1\CC(C2CC(/C=C/C3=C(C#N)C(=C(C#N)C#N)OC3(C)C)=C(Cl)/C(=C/C=C3/C(C#N)=C([C-](C#N)C#N)OC3(C)C)C2)CC(/C=C/C2=[N+](C)c3ccccc3C2(C)C)=C1Cl
913.0,CC1(C)c2ccccc2N(C)/C1=C/C=C1\CC(C2CC(/C=C/C3=C(C#N)C(=C(C#N)C#N)OC3(C)C)=C(Cl)/C(=C/C=C3/C(C#N)=C([C-](C#N)C#N)OC3(C)C)C2)CC(/C=C/C2=[N+](C)c3ccccc3C2(C)C)=C1Cl
428.0,COc1cc(/C=C/C(CC(/C=C/c2cc(OC)c(O)cc2)=O)=O)ccc1O
785.0,CC1(C)C(/C=C/C2=C(Cl)/C(=C/C=C3/N(CCCC)c4ccccc4C3(C)C)CCC2)=[N+](CCCC)c2c1cccc2.[Br-]
606.0,CC1(C)C(/C=C/C2=C(N(Cc3ccccn3)Cc3ncccc3)/C(=C/C=C3/N(CCC)c4ccccc4C3(C)C)CCC2)=[N+](CCC)c2c1cccc2.[I-]
685.0,CC1(C)C(/C=C/C2=C(N(CCSCC)CCSCC)/C(=C/C=C3/N(CCC)c4ccccc4C3(C)C)CCC2)=[N+](CCC)c2c1cccc2.[I-]
695.0,CC1(C)C(/C=C/C2=C(N3CCSCCOCCOCCSCC3)/C(=C/C=C3/N(Cc4ccccc4)c4ccc(S(=O)(O)=O)cc4C3(C)C)CCC2)=[N+](Cc2ccccc2)c2c1cc(S(=O)([O-])=O)cc2
627.0,CC1(C)C(/C=C/C2=C(NCCN(Cc3ncccc3)Cc3ccccn3)/C(=C/C=C3/N(CCCCS(=O)(O[Na])=O)c4ccccc4C3(C)C)CCC2)=[N+](CCCCS(=O)([O-])=O)c2c1cccc2
610.0,CC1(C)C(/C=C/C2=C(N=[N+]=[N-])/C(=C/C=C3/N(CC)c4ccccc4C3(C)C)CCC2)=[N+](CC)c2c1cccc2
775.0,CC1(C)c2c(cccc2)N(CCC)/C1=C/C=C1\CCCC(/C=C/C2=[N+](CCC)c3c(cccc3)C2(C)C)=C1Cl
615.0,CC1(C)c2c(cccc2)N(CC)/C1=C/C=C1\CCCC(/C=C/C2=[N+](CC)c3c(cccc3)C2(C)C)=C1NCCC(O)=O
630.0,CC1(C)c2c(cccc2)N(CC)/C1=C/C=C1\CCCC(/C=C/C2=[N+](CC)c3c(cccc3)C2(C)C)=C1NC(C(O)=O)Cc1c[nH]c2c1cccc2
631.0,CC1(C)C(/C=C/C2=C(NCCc3cc(O)c(O)cc3)/C(=C/C=C3/N(CCCCCCCCCCC(OCC)=O)c4ccccc4C3(C)C)CCC2)=[N+](CCCCCCCCCCC(OCC)=O)c2c1cccc2
770.0,CC[N+]1=C(/C=C/C2=C(OC(C)=O)/C(=C/C=C3/N(CC)c4ccccc4C3(C)C)CCC2)C(C)(C)c2c1cccc2
710.0,CC1(C)C(/C=C/C2=C(O)/C(=C/C=C3/N(CCC)c4ccccc4C3(C)C)CCC2)=[N+](CCC)c2c1cccc2
775.0,CC1(C)C(/C=C/C2=C(OC(C=C)=O)/C(=C/C=C3/N(CCC)c4ccccc4C3(C)C)CCC2)=[N+](CCC)c2c1cccc2
780.0,CC[N+]1=C(/C=C/C2=C(OC(c3ccc([N+]([O-])=O)cc3)=O)/C(=C/C=C3/N(CC)c4ccccc4C3(C)C)CCC2)C(C)(C)c2c1cccc2
765.0,CC[N+]1=C(/C=C/C2=C(OC(c3c(C=O)cccc3)=O)/C(=C/C=C3/N(CC)c4ccccc4C3(C)C)CCC2)C(C)(C)c2c1cccc2
570.0,CC1(C)c2c(cccc2)[N+](C)=C1/C=C/c1c([O-])ccc(/C=C/C2=[N+](C)c3c(cccc3)C2(C)C)c1
747.0,CC1(C)C(/C=C/C2=C(P(c3ccccc3)(c3ccccc3)=O)/C(=C/C=C3/N(CC)c4ccccc4C3(C)C)CCC2)=[N+](CC)c2c1cccc2
735.0,CC1(C)C(/C=C/C=C/C=C/C=C2/N(C)c3ccccc3C2(C)C)N(C)c2c1cccc2
765.0,CC1(C)C(/C=C/C=C(Cl)/C=C/C=C2/N(CCCCS(=O)(O[Na])=O)c3ccccc3C2(C)C)N(CCCCS(=O)(O[Na])=O)c2c1cccc2
750.0,CC1(C)C(/C=C/C=C/C=C/C=C2/N(CCCCS(=O)(O[Na])=O)c3ccc4c(cccc4)c3C2(C)C)N(CCCCS(=O)(O[Na])=O)c2c1c1ccccc1cc2
700.0,CC[N+]1=C(/C=C/C2=C(N(Cc3ccccn3)Cc3ccco3)/C(=C/C=C3/N(CC)c4ccccc4C3(C)C)CCC2)C(C)(C)c2c1cccc2
716.0,CCN1c2c(cc(C3=C([O-])/C(=C4/CC=C5N(CC)C(c6ccccc6)C(c6ccccc6)N(CC)C5=C4)C3=O)cc2)N(CC)C(c2ccccc2)C1c1ccccc1
678.0,O=C1C(=C2C(/C=C3/N(C(C)C)c4ccccc4C3(C)C)=C([O-])/C2=C\C2=[N+](C(C)C)c3c(cccc3)C2(C)C)C(=O)c2c1cccc2
657.0,O=C1/C(=C2\C(/C=C3/N(C(C)C)c4ccccc4C3(C)C)=C([O-])\C2=C/C2=[N+](C(C)C)c3c(cccc3)C2(C)C)C(=C(C#N)C#N)c2c1cccc2
724.0,CC1(C)c2c(ccc(C)c2)N(CCCC)/C1=C/C1=C/C(=C\C2=[N+](CCCC)c3c(cc(C)cc3)C2(C)C)C1=C(C#N)C#N
715.0,CC1(C)c2c(ccc(C)c2)N(CCCC)/C1=C/C1=C/C(=C\C2=[N+](CCCC)c3c(cc(C)cc3)C2(C)C)C1=C(C#N)C#N
689.0,CC1(C)c2c(ccc(C)c2)N(CCCC)/C1=C/C1=C/C(=C\C2=[N+](CCCC)c3c(cc(C)cc3)C2(C)C)C1=C(C#N)C#N
705.0,CC1(C)c2c(ccc(C)c2)N(CCCC)/C1=C/C1=C/C(=C\C2=[N+](CCCC)c3c(cc(C)cc3)C2(C)C)C1=C(C#N)C#N
686.0,CC1(C)c2c(ccc(C)c2)N(CCCC)/C1=C/C1=C/C(=C\C2=[N+](CCCC)c3c(cc(C)cc3)C2(C)C)C1=C(C#N)C#N
695.0,CC1(C)c2c(ccc(C)c2)N(CCCC)/C1=C/C1=C/C(=C\C2=[N+](CCCC)c3c(cc(C)cc3)C2(C)C)C1=C(C#N)C#N
696.0,CC1(C)c2c(ccc(C)c2)N(CCCC)/C1=C/C1=C/C(=C\C2=[N+](CCCC)c3c(cc(C)cc3)C2(C)C)C1=C(C#N)C#N
692.0,CC1(C)C(/C=C2\C(=O)C(/C=C3/C(C)(C)c4ccc5c(nc(C)cc5)c4N3)=C2[O-])=[NH+]c2c3c(ccc(C)n3)ccc21
694.0,CC1(C)C(/C=C2\C(=O)C(/C=C3/C(C)(C)c4ccc5c(nc(C)cc5)c4N3)=C2[O-])=[NH+]c2c3c(ccc(C)n3)ccc21
687.0,CC1(C)C(/C=C2\C(=O)C(/C=C3/C(C)(C)c4ccc5c(nc(C)cc5)c4N3)=C2[O-])=[NH+]c2c3c(ccc(C)n3)ccc21
690.0,CC1(C)C(/C=C2\C(=O)C(/C=C3/C(C)(C)c4ccc5c(nc(C)cc5)c4N3)=C2[O-])=[NH+]c2c3c(ccc(C)n3)ccc21
688.0,CC1(C)C(/C=C2\C(=O)C(/C=C3/C(C)(C)c4ccc5c(nc(C)cc5)c4N3)=C2[O-])=[NH+]c2c3c(ccc(C)n3)ccc21
689.0,CC1(C)C(/C=C2\C(=O)C(/C=C3/C(C)(C)c4ccc5c(nc(C)cc5)c4N3)=C2[O-])=[NH+]c2c3c(ccc(C)n3)ccc21
692.0,CC1(C)C(/C=C2\C(=O)C(/C=C3/C(C)(C)c4ccc5c(nc(C)cc5)c4N3)=C2[O-])=[NH+]c2c3c(ccc(C)n3)ccc21
681.0,CC1(C)C(/C=C2\C(=O)C(/C=C3/C(C)(C)c4ccc5c(nc(C)cc5)c4N3)=C2[O-])=[NH+]c2c3c(ccc(C)n3)ccc21
679.0,CC1(C)C(/C=C2\C(=O)C(/C=C3/C(C)(C)c4ccc5c(nc(C)cc5)c4N3)=C2[O-])=[NH+]c2c3c(ccc(C)n3)ccc21
682.0,CC1(C)C(/C=C2\C(=O)C(/C=C3/C(C)(C)c4ccc5c(nc(C)cc5)c4N3CC)=C2[O-])=[N+](CC)c2c3c(ccc(C)n3)ccc21
686.0,CC1(C)C(/C=C2\C(=O)C(/C=C3/C(C)(C)c4ccc5c(nc(C)cc5)c4N3CC)=C2[O-])=[N+](CC)c2c3c(ccc(C)n3)ccc21
678.0,CC1(C)C(/C=C2\C(=O)C(/C=C3/C(C)(C)c4ccc5c(nc(C)cc5)c4N3CC)=C2[O-])=[N+](CC)c2c3c(ccc(C)n3)ccc21
682.0,CC1(C)C(/C=C2\C(=O)C(/C=C3/C(C)(C)c4ccc5c(nc(C)cc5)c4N3CC)=C2[O-])=[N+](CC)c2c3c(ccc(C)n3)ccc21
685.0,CC1(C)C(/C=C2\C(=O)C(/C=C3/C(C)(C)c4ccc5c(nc(C)cc5)c4N3CC)=C2[O-])=[N+](CC)c2c3c(ccc(C)n3)ccc21
720.0,Cc1c2n(c(C3=C([O-])/C(=C4\C(c5ccc(OCCCCS(=O)([O-])=O)cc5)=C(C)c5cccc[n+]54)C3=O)c1-c1ccc(OCCCCS(=O)([O-])=O)cc1)cccc2.[Cs+].[Cs+]
704.0,Cc1c2n(c(C3=C([O-])/C(=C4\C(c5ccc(OCCCCS(=O)([O-])=O)cc5)=C(C)c5cccc[n+]54)C3=O)c1-c1ccc(OCCCCS(=O)([O-])=O)cc1)cccc2.[Cs+].[Cs+]
698.0,Cc1c2n(c(C3=C([O-])/C(=C4\C(c5ccc(OCCCCS(=O)([O-])=O)cc5)=C(C)c5cccc[n+]54)C3=O)c1-c1ccc(OCCCCS(=O)([O-])=O)cc1)cccc2.[Cs+].[Cs+]
728.0,[O-]C1=C(c2ccc(/C=N/N(c3ccccc3)c3ccccc3)n2C)C(=O)/C1=C1\[N+](C)=C(/C=N/N(c2ccccc2)c2ccccc2)C=C1
728.0,[O-]C1=C(c2ccc(/C=N/N(c3ccccc3)c3ccccc3)n2COCCCOCCOC)C(=O)/C1=C1\[N+](COCCCOCCOC)=C(/C=N/N(c2ccccc2)c2ccccc2)C=C1
688.0,[O-]C1=C(c2ccc(/C=N/N(C)C)n2COCCCOCCOC)C(=O)/C1=C1\[N+](COCCCOCCOC)=C(/C=N/N(C)C)C=C1
684.0,[O-]C1=C(c2c(C)cc3n2cccc3)C(=O)/C1=C1\[n+]2ccccc2C=C1C
661.0,CC1(C)C(C=C2C([O-])=C(C=C3N(C)c4ccccc4C3(C)C)C2=C(C#N)C#N)=[N+](C)c2c1cccc2
636.0,CC1(C)C(C=C2C([O-])=C(C=C3N(C)c4ccccc4C3(C)C)C2=C(C#N)C#N)=[N+](C)c2c1cccc2
683.0,[O-]C1=C(/C=C2/N(C(C)C)c3ccccc3C2(C)C)C(=C(C#N)C#N)/C1=C/C1=[N+](C(C)C)c2c(cccc2)C1(C)C
637.0,[O-]C1=C(/C=C2/N(C(C)C)c3ccccc3C2(C)C)C(=O)/C1=C/C1=[N+](C(C)C)c2c(cccc2)C1(C)C
681.0,CC1(C)C(/C=C2\C(=O)C(/C=C3/C(C)(C)c4ccc5c(nc(C)cc5)c4N3CC)=C2[O-])=[N+](CC)c2c3c(ccc(C)n3)ccc21
680.0,CC1(C)C(/C=C2\C(=O)C(/C=C3/C(C)(C)c4ccc5c(nc(C)cc5)c4N3CC)=C2[O-])=[N+](CC)c2c3c(ccc(C)n3)ccc21
674.0,CC1(C)C(/C=C2\C(=O)C(/C=C3/C(C)(C)c4ccc5c(nc(C)cc5)c4N3CC)=C2[O-])=[N+](CC)c2c3c(ccc(C)n3)ccc21
671.0,CC1(C)C(/C=C2\C(=O)C(/C=C3/C(C)(C)c4ccc5c(nc(C)cc5)c4N3CC)=C2[O-])=[N+](CC)c2c3c(ccc(C)n3)ccc21
665.0,CC1(C)c2c(ccc3ccccc23)N(CCCCCC(O)=O)/C1=C/C1=C([O-])/C(=C\C2=[N+](CCCCCC(O)=O)c3c(c4ccccc4cc3)C2)C1=O
643.0,[O-]C1=C(/C=C2/C(C)(C)c3cc(C(O)=O)ccc3N2C)C(=O)/C1=C/C1=[N+](CCCCCC)c2c(cccc2)[C@@]1(CC)CCCC
643.0,[O-]C1=C(/C=C2/C(C)(C)c3cc(C(O)=O)ccc3N2C)C(=O)/C1=C/C1=[N+](CCCCCC)c2c(cccc2)[C@@]1(CCCCCC)CCCCCCCC
643.0,[O-]C1=C(/C=C2/C(C)(C)c3cc(C(O)=O)ccc3N2C)C(=O)/C1=C/C1=[N+](CCCCCC)c2c(cccc2)[C@@]1(CCCCCCCCCC)CCCCCCCCCCCC
643.0,[O-]C1=C(/C=C2/C(C)(C)c3cc(C(O)=O)ccc3N2C)C(=O)/C1=C/C1=[N+](CCCCCCCCCCCC)c2c(cccc2)[C@@]1(CCCCCCCCCC)CCCCCCCCCCCC
642.0,[O-]C1=C(/C=C2/C(C)(C)c3cc(C(O)=O)ccc3N2C)C(=O)/C1=C/C1=[N+](C)c2c(cccc2)[C@@]1(CCCCCCCCCC)CCCCCCCCCCCC
650.0,[O-]C1=C(/C=C2/[C@@](CCCC)(CC)c3cc(C(O)=O)ccc3N2CCCC)C(=O)/C1=C/C1=[N+](CCCCCCCCCCCC)c2c(cccc2)[C@@]1(CCCCCCCCCC)CCCCCCCCCCCC
668.0,CC1(C)C(/C=C2/C([O-])=C(/C=C3/C(C)(C)c4ccccc4N3C)C2=C(C#N)C#N)=[N+](C)c2ccccc21
680.0,CC1(C)C(/C=C2/C([O-])=C(/C=C3/C(C)(C)c4ccccc4N3C)C2=C(C#N)C#N)=[N+](C)c2ccccc21
676.0,CC1(C)C(/C=C2/C([O-])=C(/C=C3/C(C)(C)c4ccccc4N3C)C2=C(C#N)C#N)=[N+](C)c2ccccc21
681.0,CC1(C)C(/C=C2/C([O-])=C(/C=C3/C(C)(C)c4ccccc4N3C)C2=C(C#N)C#N)=[N+](C)c2ccccc21
671.0,CC1(C)C(/C=C2/C([O-])=C(/C=C3/C(C)(C)c4ccccc4N3C)C2=C(C#N)C#N)=[N+](C)c2ccccc21
685.0,CC1(C)C(/C=C2/C([O-])=C(/C=C3/C(C)(C)c4ccccc4N3C)C2=C(C#N)C#N)=[N+](C)c2ccccc21
673.0,CC1(C)C(/C=C2/C([O-])=C(/C=C3/Sc4ccccc4N3CCCC(OCCCC)=O)C2=C(C#N)C#N)=[N+](C)c2ccccc21
686.0,CC1(C)C(/C=C2/C([O-])=C(/C=C3/Sc4ccccc4N3CCCC(OCCCC)=O)C2=C(C#N)C#N)=[N+](C)c2ccccc21
681.0,CC1(C)C(/C=C2/C([O-])=C(/C=C3/Sc4ccccc4N3CCCC(OCCCC)=O)C2=C(C#N)C#N)=[N+](C)c2ccccc21
680.0,CC1(C)C(/C=C2/C([O-])=C(/C=C3/Sc4ccccc4N3CCCC(OCCCC)=O)C2=C(C#N)C#N)=[N+](C)c2ccccc21
674.0,CC1(C)C(/C=C2/C([O-])=C(/C=C3/Sc4ccccc4N3CCCC(OCCCC)=O)C2=C(C#N)C#N)=[N+](C)c2ccccc21
691.0,CC1(C)C(/C=C2/C([O-])=C(/C=C3/Sc4ccccc4N3CCCC(OCCCC)=O)C2=C(C#N)C#N)=[N+](C)c2ccccc21
672.0,CC1(C)C(/C=C2/C([O-])=C(/C=C3/Sc4ccccc4N3CCCCCC)C2=C(C#N)C#N)=[N+](C)c2ccccc21
685.0,CC1(C)C(/C=C2/C([O-])=C(/C=C3/Sc4ccccc4N3CCCCCC)C2=C(C#N)C#N)=[N+](C)c2ccccc21
679.0,CC1(C)C(/C=C2/C([O-])=C(/C=C3/Sc4ccccc4N3CCCCCC)C2=C(C#N)C#N)=[N+](C)c2ccccc21
678.0,CC1(C)C(/C=C2/C([O-])=C(/C=C3/Sc4ccccc4N3CCCCCC)C2=C(C#N)C#N)=[N+](C)c2ccccc21
673.0,CC1(C)C(/C=C2/C([O-])=C(/C=C3/Sc4ccccc4N3CCCCCC)C2=C(C#N)C#N)=[N+](C)c2ccccc21
691.0,CC1(C)C(/C=C2/C([O-])=C(/C=C3/Sc4ccccc4N3CCCCCC)C2=C(C#N)C#N)=[N+](C)c2ccccc21
683.0,CC1(C)C(/C=C2/C([O-])=C(/C=C3/Sc4cc(I)ccc4N3CCCCCC)C2=C(C#N)C#N)=[N+](C)c2ccccc21
696.0,CC1(C)C(/C=C2/C([O-])=C(/C=C3/Sc4cc(I)ccc4N3CCCCCC)C2=C(C#N)C#N)=[N+](C)c2ccccc21
689.0,CC1(C)C(/C=C2/C([O-])=C(/C=C3/Sc4cc(I)ccc4N3CCCCCC)C2=C(C#N)C#N)=[N+](C)c2ccccc21
688.0,CC1(C)C(/C=C2/C([O-])=C(/C=C3/Sc4cc(I)ccc4N3CCCCCC)C2=C(C#N)C#N)=[N+](C)c2ccccc21
683.0,CC1(C)C(/C=C2/C([O-])=C(/C=C3/Sc4cc(I)ccc4N3CCCCCC)C2=C(C#N)C#N)=[N+](C)c2ccccc21
700.0,CC1(C)C(/C=C2/C([O-])=C(/C=C3/Sc4cc(I)ccc4N3CCCCCC)C2=C(C#N)C#N)=[N+](C)c2ccccc21
681.0,CC1(C)C(/C=C2/C([O-])=C(/C=C3/[Se]c4ccccc4N3CCCCCC)C2=C(C#N)C#N)=[N+](C)c2ccccc21
694.0,CC1(C)C(/C=C2/C([O-])=C(/C=C3/[Se]c4ccccc4N3CCCCCC)C2=C(C#N)C#N)=[N+](C)c2ccccc21
688.0,CC1(C)C(/C=C2/C([O-])=C(/C=C3/[Se]c4ccccc4N3CCCCCC)C2=C(C#N)C#N)=[N+](C)c2ccccc21
688.0,CC1(C)C(/C=C2/C([O-])=C(/C=C3/[Se]c4ccccc4N3CCCCCC)C2=C(C#N)C#N)=[N+](C)c2ccccc21
682.0,CC1(C)C(/C=C2/C([O-])=C(/C=C3/[Se]c4ccccc4N3CCCCCC)C2=C(C#N)C#N)=[N+](C)c2ccccc21
698.0,CC1(C)C(/C=C2/C([O-])=C(/C=C3/[Se]c4ccccc4N3CCCCCC)C2=C(C#N)C#N)=[N+](C)c2ccccc21
367.0,O=c1oc2ccc(OC)cc2cc1C(C)=O
347.0,O=c1oc2ccc(OC)cc2cc1C#N
393.0,O=c1oc2ccc(OC)cc2cc1[N+]([O-])=O
368.0,O=C1CCCC2=C1C(c1ccccc1)c1c(c3ccccc3oc1=O)N2
373.0,O=C1CCCC2=C1C(c1cc([N+]([O-])=O)ccc1)c1c(c3ccccc3oc1=O)N2
361.0,O=C1CCCC2=C1C(c1cc(OC)ccc1)c1c(c3ccccc3oc1=O)N2
373.0,O=C1CCCC2=C1C(c1ccc(Cl)cc1)c1c(c3ccccc3oc1=O)N2
366.0,O=C1CCCC2=C1C(c1cc(C)ccc1)c1c(c3ccccc3oc1=O)N2
365.0,O=c1c(C(NNc2c(/N=N/c3ccc(Cl)cc3)c(N)nc(N)n2)=O)cc2c(o1)cccc2
365.0,O=c1c(C(NNc2c(/N=N/c3ccc(Br)cc3)c(N)nc(N)n2)=O)cc2c(o1)cccc2
405.0,O=c1c(C(NNc2c(/N=N/c3ccc([N+]([O-])=O)cc3)c(N)nc(N)n2)=O)cc2c(o1)cccc2
355.0,O=c1c(C(NNc2c(/N=N/c3ccc(C(OC)=O)cc3)c(N)nc(N)n2)=O)cc2c(o1)cccc2
355.0,O=c1c(C(NNc2c(/N=N/c3ccc(NC(C)=O)cc3)c(N)nc(N)n2)=O)cc2c(o1)cccc2
293.0,O=c1oc2c(cc1-c1nnc3n1c(N)nc(N)c3)cccc2
371.0,O=c1c(C(OC)=O)cc2c(o1)ccc1c2cccc1
363.0,N=c1c(C(OCC)=O)cc2c(o1)ccc1c2cccc1
360.0,O=c1c(C(NN)=O)cc2c(o1)ccc1c2cccc1
379.0,O=c1c(C(NNc2c(/N=N/c3ccc(Br)cc3)c(N)nc(N)n2)=O)cc2c(o1)ccc1c2cccc1
452.2,O=c1oc2cc(N(CC)CC)ccc2cc1-c1nc2ccccc2s1
457.0,O=c1oc2cc(N(CC)CC)ccc2cc1-c1nc2ccccc2s1
457.0,O=c1oc2cc(N(CC)CC)ccc2cc1-c1nc2ccccc2s1
454.2,O=c1oc2cc(N(CC)CC)ccc2cc1-c1nc2ccccc2s1
451.0,O=c1oc2cc(N(CC)CC)ccc2cc1-c1nc2ccccc2s1
450.8,O=c1oc2cc(N(CC)CC)ccc2cc1-c1nc2ccccc2s1
450.0,O=c1oc2cc(N(CC)CC)ccc2cc1-c1nc2ccccc2s1
456.0,O=c1oc2cc(N(CC)CC)ccc2cc1-c1nc2ccccc2s1
430.0,O=c1oc2cc(N(CC)CC)ccc2cc1-c1nc2ccccc2s1
449.0,O=c1oc2cc(N(CC)CC)ccc2cc1-c1nc2ccccc2s1
442.0,O=c1oc2cc(N(CC)CC)ccc2cc1-c1nc2ccccc2s1
428.6,O=c1oc2cc(N(CC)CC)ccc2cc1-c1nc2ccccc2s1
425.8,O=c1oc2cc(N(CC)CC)ccc2cc1-c1nc2ccccc2s1
434.6,O=c1c(-c2nc3ccccc3[nH]2)cc2c(o1)cc(N(CC)CC)cc2
436.0,O=c1c(-c2nc3ccccc3[nH]2)cc2c(o1)cc(N(CC)CC)cc2
434.0,O=c1c(-c2nc3ccccc3[nH]2)cc2c(o1)cc(N(CC)CC)cc2
433.8,O=c1c(-c2nc3ccccc3[nH]2)cc2c(o1)cc(N(CC)CC)cc2
433.0,O=c1c(-c2nc3ccccc3[nH]2)cc2c(o1)cc(N(CC)CC)cc2
435.8,O=c1c(-c2nc3ccccc3[nH]2)cc2c(o1)cc(N(CC)CC)cc2
432.8,O=c1c(-c2nc3ccccc3[nH]2)cc2c(o1)cc(N(CC)CC)cc2
437.0,O=c1c(-c2nc3ccccc3[nH]2)cc2c(o1)cc(N(CC)CC)cc2
431.2,O=c1c(-c2nc3ccccc3[nH]2)cc2c(o1)cc(N(CC)CC)cc2
435.0,O=c1c(-c2nc3ccccc3[nH]2)cc2c(o1)cc(N(CC)CC)cc2
431.0,O=c1c(-c2nc3ccccc3[nH]2)cc2c(o1)cc(N(CC)CC)cc2
423.6,O=c1c(-c2nc3ccccc3[nH]2)cc2c(o1)cc(N(CC)CC)cc2
421.4,O=c1c(-c2nc3ccccc3[nH]2)cc2c(o1)cc(N(CC)CC)cc2
391.0,O=c1c(-n2c(-c3ccccc3O)nc(-c3ccccc3)c2-c2ccccc2)cc2c(o1)cc(N(CC)CC)cc2
395.0,O=c1c(-n2c(-c3ccccc3O)nc(-c3ccccc3)c2-c2ccccc2)cc2c(o1)cc(N(CC)CC)cc2
400.0,O=c1c(-n2c(-c3ccccc3OC)nc(-c3ccccc3)c2-c2ccccc2)cc2c(o1)cc(N(CC)CC)cc2
402.0,O=c1c(-n2c(-c3ccccc3OC)nc(-c3ccccc3)c2-c2ccccc2)cc2c(o1)cc(N(CC)CC)cc2
366.0,O=c1oc2ccccc2cc1C1=NN(C=O)C(c2ccccc2)C1
362.0,O=c1oc2ccccc2cc1C1=NN(C=O)C(c2ccccc2)C1
360.0,O=c1oc2ccccc2cc1C1=NN(C=O)C(c2ccccc2)C1
360.0,O=c1oc2ccccc2cc1C1=NN(C=O)C(c2ccccc2)C1
432.0,O=c1oc2cc(N(CC)CC)ccc2cc1C1=NN(C=O)C(c2ccccc2)C1
444.0,O=c1oc2cc(N(CC)CC)ccc2cc1C1=NN(C=O)C(c2ccccc2)C1
434.0,O=c1oc2cc(N(CC)CC)ccc2cc1C1=NN(C=O)C(c2ccccc2)C1
436.0,O=c1oc2cc(N(CC)CC)ccc2cc1C1=NN(C=O)C(c2ccccc2)C1
370.0,O=c1oc2ccccc2cc1C1=NN(C(C)=O)C(c2ccccc2)C1
358.0,O=c1oc2ccccc2cc1C1=NN(C(C)=O)C(c2ccccc2)C1
360.0,O=c1oc2ccccc2cc1C1=NN(C(C)=O)C(c2ccccc2)C1
360.0,O=c1oc2ccccc2cc1C1=NN(C(C)=O)C(c2ccccc2)C1
370.0,O=c1oc2ccccc2cc1C1=NN(C(C)=O)C(c2ccc(C)cc2)C1
360.0,O=c1oc2ccccc2cc1C1=NN(C(C)=O)C(c2ccc(C)cc2)C1
360.0,O=c1oc2ccccc2cc1C1=NN(C(C)=O)C(c2ccc(C)cc2)C1
360.0,O=c1oc2ccccc2cc1C1=NN(C(C)=O)C(c2ccc(C)cc2)C1
432.0,O=c1oc2cc(N(CC)CC)ccc2cc1C1=NN(C(C)=O)C(c2ccccc2)C1
440.0,O=c1oc2cc(N(CC)CC)ccc2cc1C1=NN(C(C)=O)C(c2ccccc2)C1
432.0,O=c1oc2cc(N(CC)CC)ccc2cc1C1=NN(C(C)=O)C(c2ccccc2)C1
438.0,O=c1oc2cc(N(CC)CC)ccc2cc1C1=NN(C(C)=O)C(c2ccccc2)C1